uiDateTime,uiPreClosePx,uiOpenPx,uiHighPx,uiLowPx,uiLastPx,uiNumTrades,strInstrumentStatus,uiTotalVolumeTrade,uiTotalValueTrade,uiTotalBidQty,uiTotalOfferQty,uiWeightedAvgBidPx,uiWeightedAvgOfferPx,uiWithdrawBuyNumber,uiWithdrawSellNumber,uiWithdrawBuyAmount,uiWithdrawBuyMoney,uiWithdrawSellAmount,uiWithdrawSellMoney,uiTotalBidNumber,uiTotalOfferNumber,uiBidTradeMaxDuration,uiOfferTradeMaxDuration,uiNumBidOrders,uiNumOfferOrders,arrBidPrice,arrBidOrderQty,arrBidNumOrders,arrBidOrders,arrOfferPrice,arrOfferOrderQty,arrOfferNumOrders,arrOfferOrders,uiIOPV,uiETFBuyNumber,uiETFBuyAmount,uiETFBuyMoney,uiETFSellNumber,uiETFSellAmount,uiETFSellMoney
20180102101957,6220056,6222926,6251478,6222926,6247009,0,,9110250000,905133708000000,0,0,0,0,0,0,0,0,0,0,0,0,0,0,0,0,0 0 0 0 0 0 0 0 0 0 ,0 0 0 0 0 0 0 0 0 0 ,0 0 0 0 0 0 0 0 0 0 ,0 0 0 0 0 0 0 0 0 0 0 0 0 0 0 0 0 0 0 0 0 0 0 0 0 0 0 0 0 0 0 0 0 0 0 0 0 0 0 0 0 0 0 0 0 0 0 0 0 0 ,0 0 0 0 0 0 0 0 0 0 ,0 0 0 0 0 0 0 0 0 0 ,0 0 0 0 0 0 0 0 0 0 ,0 0 0 0 0 0 0 0 0 0 0 0 0 0 0 0 0 0 0 0 0 0 0 0 0 0 0 0 0 0 0 0 0 0 0 0 0 0 0 0 0 0 0 0 0 0 0 0 0 0 ,0,0,0,0,0,0,0
20180102102002,6220056,6222926,6251478,6222926,6247178,0,,9114145000,905202383200000,0,0,0,0,0,0,0,0,0,0,0,0,0,0,0,0,0 0 0 0 0 0 0 0 0 0 ,0 0 0 0 0 0 0 0 0 0 ,0 0 0 0 0 0 0 0 0 0 ,0 0 0 0 0 0 0 0 0 0 0 0 0 0 0 0 0 0 0 0 0 0 0 0 0 0 0 0 0 0 0 0 0 0 0 0 0 0 0 0 0 0 0 0 0 0 0 0 0 0 ,0 0 0 0 0 0 0 0 0 0 ,0 0 0 0 0 0 0 0 0 0 ,0 0 0 0 0 0 0 0 0 0 ,0 0 0 0 0 0 0 0 0 0 0 0 0 0 0 0 0 0 0 0 0 0 0 0 0 0 0 0 0 0 0 0 0 0 0 0 0 0 0 0 0 0 0 0 0 0 0 0 0 0 ,0,0,0,0,0,0,0
20180102102007,6220056,6222926,6251478,6222926,6247332,0,,9135227000,906464116200000,0,0,0,0,0,0,0,0,0,0,0,0,0,0,0,0,0 0 0 0 0 0 0 0 0 0 ,0 0 0 0 0 0 0 0 0 0 ,0 0 0 0 0 0 0 0 0 0 ,0 0 0 0 0 0 0 0 0 0 0 0 0 0 0 0 0 0 0 0 0 0 0 0 0 0 0 0 0 0 0 0 0 0 0 0 0 0 0 0 0 0 0 0 0 0 0 0 0 0 ,0 0 0 0 0 0 0 0 0 0 ,0 0 0 0 0 0 0 0 0 0 ,0 0 0 0 0 0 0 0 0 0 ,0 0 0 0 0 0 0 0 0 0 0 0 0 0 0 0 0 0 0 0 0 0 0 0 0 0 0 0 0 0 0 0 0 0 0 0 0 0 0 0 0 0 0 0 0 0 0 0 0 0 ,0,0,0,0,0,0,0
20180102102012,6220056,6222926,6251478,6222926,6247761,0,,9138901000,906634541000000,0,0,0,0,0,0,0,0,0,0,0,0,0,0,0,0,0 0 0 0 0 0 0 0 0 0 ,0 0 0 0 0 0 0 0 0 0 ,0 0 0 0 0 0 0 0 0 0 ,0 0 0 0 0 0 0 0 0 0 0 0 0 0 0 0 0 0 0 0 0 0 0 0 0 0 0 0 0 0 0 0 0 0 0 0 0 0 0 0 0 0 0 0 0 0 0 0 0 0 ,0 0 0 0 0 0 0 0 0 0 ,0 0 0 0 0 0 0 0 0 0 ,0 0 0 0 0 0 0 0 0 0 ,0 0 0 0 0 0 0 0 0 0 0 0 0 0 0 0 0 0 0 0 0 0 0 0 0 0 0 0 0 0 0 0 0 0 0 0 0 0 0 0 0 0 0 0 0 0 0 0 0 0 ,0,0,0,0,0,0,0
20180102102017,6220056,6222926,6251478,6222926,6247528,0,,9143849000,907027813500000,0,0,0,0,0,0,0,0,0,0,0,0,0,0,0,0,0 0 0 0 0 0 0 0 0 0 ,0 0 0 0 0 0 0 0 0 0 ,0 0 0 0 0 0 0 0 0 0 ,0 0 0 0 0 0 0 0 0 0 0 0 0 0 0 0 0 0 0 0 0 0 0 0 0 0 0 0 0 0 0 0 0 0 0 0 0 0 0 0 0 0 0 0 0 0 0 0 0 0 ,0 0 0 0 0 0 0 0 0 0 ,0 0 0 0 0 0 0 0 0 0 ,0 0 0 0 0 0 0 0 0 0 ,0 0 0 0 0 0 0 0 0 0 0 0 0 0 0 0 0 0 0 0 0 0 0 0 0 0 0 0 0 0 0 0 0 0 0 0 0 0 0 0 0 0 0 0 0 0 0 0 0 0 ,0,0,0,0,0,0,0
20180102102022,6220056,6222926,6251478,6222926,6247753,0,,9168536000,908590863000000,0,0,0,0,0,0,0,0,0,0,0,0,0,0,0,0,0 0 0 0 0 0 0 0 0 0 ,0 0 0 0 0 0 0 0 0 0 ,0 0 0 0 0 0 0 0 0 0 ,0 0 0 0 0 0 0 0 0 0 0 0 0 0 0 0 0 0 0 0 0 0 0 0 0 0 0 0 0 0 0 0 0 0 0 0 0 0 0 0 0 0 0 0 0 0 0 0 0 0 ,0 0 0 0 0 0 0 0 0 0 ,0 0 0 0 0 0 0 0 0 0 ,0 0 0 0 0 0 0 0 0 0 ,0 0 0 0 0 0 0 0 0 0 0 0 0 0 0 0 0 0 0 0 0 0 0 0 0 0 0 0 0 0 0 0 0 0 0 0 0 0 0 0 0 0 0 0 0 0 0 0 0 0 ,0,0,0,0,0,0,0
20180102102027,6220056,6222926,6251478,6222926,6248233,0,,9241524000,913005640900000,0,0,0,0,0,0,0,0,0,0,0,0,0,0,0,0,0 0 0 0 0 0 0 0 0 0 ,0 0 0 0 0 0 0 0 0 0 ,0 0 0 0 0 0 0 0 0 0 ,0 0 0 0 0 0 0 0 0 0 0 0 0 0 0 0 0 0 0 0 0 0 0 0 0 0 0 0 0 0 0 0 0 0 0 0 0 0 0 0 0 0 0 0 0 0 0 0 0 0 ,0 0 0 0 0 0 0 0 0 0 ,0 0 0 0 0 0 0 0 0 0 ,0 0 0 0 0 0 0 0 0 0 ,0 0 0 0 0 0 0 0 0 0 0 0 0 0 0 0 0 0 0 0 0 0 0 0 0 0 0 0 0 0 0 0 0 0 0 0 0 0 0 0 0 0 0 0 0 0 0 0 0 0 ,0,0,0,0,0,0,0
20180102102032,6220056,6222926,6251478,6222926,6247991,0,,9252295000,913157606500000,0,0,0,0,0,0,0,0,0,0,0,0,0,0,0,0,0 0 0 0 0 0 0 0 0 0 ,0 0 0 0 0 0 0 0 0 0 ,0 0 0 0 0 0 0 0 0 0 ,0 0 0 0 0 0 0 0 0 0 0 0 0 0 0 0 0 0 0 0 0 0 0 0 0 0 0 0 0 0 0 0 0 0 0 0 0 0 0 0 0 0 0 0 0 0 0 0 0 0 ,0 0 0 0 0 0 0 0 0 0 ,0 0 0 0 0 0 0 0 0 0 ,0 0 0 0 0 0 0 0 0 0 ,0 0 0 0 0 0 0 0 0 0 0 0 0 0 0 0 0 0 0 0 0 0 0 0 0 0 0 0 0 0 0 0 0 0 0 0 0 0 0 0 0 0 0 0 0 0 0 0 0 0 ,0,0,0,0,0,0,0
20180102102037,6220056,6222926,6251478,6222926,6248162,0,,9265096000,913685866100000,0,0,0,0,0,0,0,0,0,0,0,0,0,0,0,0,0 0 0 0 0 0 0 0 0 0 ,0 0 0 0 0 0 0 0 0 0 ,0 0 0 0 0 0 0 0 0 0 ,0 0 0 0 0 0 0 0 0 0 0 0 0 0 0 0 0 0 0 0 0 0 0 0 0 0 0 0 0 0 0 0 0 0 0 0 0 0 0 0 0 0 0 0 0 0 0 0 0 0 ,0 0 0 0 0 0 0 0 0 0 ,0 0 0 0 0 0 0 0 0 0 ,0 0 0 0 0 0 0 0 0 0 ,0 0 0 0 0 0 0 0 0 0 0 0 0 0 0 0 0 0 0 0 0 0 0 0 0 0 0 0 0 0 0 0 0 0 0 0 0 0 0 0 0 0 0 0 0 0 0 0 0 0 ,0,0,0,0,0,0,0
20180102102042,6220056,6222926,6251478,6222926,6247947,0,,9268527000,914608484300000,0,0,0,0,0,0,0,0,0,0,0,0,0,0,0,0,0 0 0 0 0 0 0 0 0 0 ,0 0 0 0 0 0 0 0 0 0 ,0 0 0 0 0 0 0 0 0 0 ,0 0 0 0 0 0 0 0 0 0 0 0 0 0 0 0 0 0 0 0 0 0 0 0 0 0 0 0 0 0 0 0 0 0 0 0 0 0 0 0 0 0 0 0 0 0 0 0 0 0 ,0 0 0 0 0 0 0 0 0 0 ,0 0 0 0 0 0 0 0 0 0 ,0 0 0 0 0 0 0 0 0 0 ,0 0 0 0 0 0 0 0 0 0 0 0 0 0 0 0 0 0 0 0 0 0 0 0 0 0 0 0 0 0 0 0 0 0 0 0 0 0 0 0 0 0 0 0 0 0 0 0 0 0 ,0,0,0,0,0,0,0
20180102102047,6220056,6222926,6251478,6222926,6248879,0,,9269184000,914749177800000,0,0,0,0,0,0,0,0,0,0,0,0,0,0,0,0,0 0 0 0 0 0 0 0 0 0 ,0 0 0 0 0 0 0 0 0 0 ,0 0 0 0 0 0 0 0 0 0 ,0 0 0 0 0 0 0 0 0 0 0 0 0 0 0 0 0 0 0 0 0 0 0 0 0 0 0 0 0 0 0 0 0 0 0 0 0 0 0 0 0 0 0 0 0 0 0 0 0 0 ,0 0 0 0 0 0 0 0 0 0 ,0 0 0 0 0 0 0 0 0 0 ,0 0 0 0 0 0 0 0 0 0 ,0 0 0 0 0 0 0 0 0 0 0 0 0 0 0 0 0 0 0 0 0 0 0 0 0 0 0 0 0 0 0 0 0 0 0 0 0 0 0 0 0 0 0 0 0 0 0 0 0 0 ,0,0,0,0,0,0,0
20180102102052,6220056,6222926,6251478,6222926,6248805,0,,9277726000,916273326800000,0,0,0,0,0,0,0,0,0,0,0,0,0,0,0,0,0 0 0 0 0 0 0 0 0 0 ,0 0 0 0 0 0 0 0 0 0 ,0 0 0 0 0 0 0 0 0 0 ,0 0 0 0 0 0 0 0 0 0 0 0 0 0 0 0 0 0 0 0 0 0 0 0 0 0 0 0 0 0 0 0 0 0 0 0 0 0 0 0 0 0 0 0 0 0 0 0 0 0 ,0 0 0 0 0 0 0 0 0 0 ,0 0 0 0 0 0 0 0 0 0 ,0 0 0 0 0 0 0 0 0 0 ,0 0 0 0 0 0 0 0 0 0 0 0 0 0 0 0 0 0 0 0 0 0 0 0 0 0 0 0 0 0 0 0 0 0 0 0 0 0 0 0 0 0 0 0 0 0 0 0 0 0 ,0,0,0,0,0,0,0
20180102102057,6220056,6222926,6251478,6222926,6248856,0,,9289530000,916870227200000,0,0,0,0,0,0,0,0,0,0,0,0,0,0,0,0,0 0 0 0 0 0 0 0 0 0 ,0 0 0 0 0 0 0 0 0 0 ,0 0 0 0 0 0 0 0 0 0 ,0 0 0 0 0 0 0 0 0 0 0 0 0 0 0 0 0 0 0 0 0 0 0 0 0 0 0 0 0 0 0 0 0 0 0 0 0 0 0 0 0 0 0 0 0 0 0 0 0 0 ,0 0 0 0 0 0 0 0 0 0 ,0 0 0 0 0 0 0 0 0 0 ,0 0 0 0 0 0 0 0 0 0 ,0 0 0 0 0 0 0 0 0 0 0 0 0 0 0 0 0 0 0 0 0 0 0 0 0 0 0 0 0 0 0 0 0 0 0 0 0 0 0 0 0 0 0 0 0 0 0 0 0 0 ,0,0,0,0,0,0,0
20180102102102,6220056,6222926,6251478,6222926,6248986,0,,9304206000,917147798800000,0,0,0,0,0,0,0,0,0,0,0,0,0,0,0,0,0 0 0 0 0 0 0 0 0 0 ,0 0 0 0 0 0 0 0 0 0 ,0 0 0 0 0 0 0 0 0 0 ,0 0 0 0 0 0 0 0 0 0 0 0 0 0 0 0 0 0 0 0 0 0 0 0 0 0 0 0 0 0 0 0 0 0 0 0 0 0 0 0 0 0 0 0 0 0 0 0 0 0 ,0 0 0 0 0 0 0 0 0 0 ,0 0 0 0 0 0 0 0 0 0 ,0 0 0 0 0 0 0 0 0 0 ,0 0 0 0 0 0 0 0 0 0 0 0 0 0 0 0 0 0 0 0 0 0 0 0 0 0 0 0 0 0 0 0 0 0 0 0 0 0 0 0 0 0 0 0 0 0 0 0 0 0 ,0,0,0,0,0,0,0
20180102102107,6220056,6222926,6251478,6222926,6248992,0,,9321582000,917812955700000,0,0,0,0,0,0,0,0,0,0,0,0,0,0,0,0,0 0 0 0 0 0 0 0 0 0 ,0 0 0 0 0 0 0 0 0 0 ,0 0 0 0 0 0 0 0 0 0 ,0 0 0 0 0 0 0 0 0 0 0 0 0 0 0 0 0 0 0 0 0 0 0 0 0 0 0 0 0 0 0 0 0 0 0 0 0 0 0 0 0 0 0 0 0 0 0 0 0 0 ,0 0 0 0 0 0 0 0 0 0 ,0 0 0 0 0 0 0 0 0 0 ,0 0 0 0 0 0 0 0 0 0 ,0 0 0 0 0 0 0 0 0 0 0 0 0 0 0 0 0 0 0 0 0 0 0 0 0 0 0 0 0 0 0 0 0 0 0 0 0 0 0 0 0 0 0 0 0 0 0 0 0 0 ,0,0,0,0,0,0,0
20180102102112,6220056,6222926,6251478,6222926,6248364,0,,9322878000,918183410100000,0,0,0,0,0,0,0,0,0,0,0,0,0,0,0,0,0 0 0 0 0 0 0 0 0 0 ,0 0 0 0 0 0 0 0 0 0 ,0 0 0 0 0 0 0 0 0 0 ,0 0 0 0 0 0 0 0 0 0 0 0 0 0 0 0 0 0 0 0 0 0 0 0 0 0 0 0 0 0 0 0 0 0 0 0 0 0 0 0 0 0 0 0 0 0 0 0 0 0 ,0 0 0 0 0 0 0 0 0 0 ,0 0 0 0 0 0 0 0 0 0 ,0 0 0 0 0 0 0 0 0 0 ,0 0 0 0 0 0 0 0 0 0 0 0 0 0 0 0 0 0 0 0 0 0 0 0 0 0 0 0 0 0 0 0 0 0 0 0 0 0 0 0 0 0 0 0 0 0 0 0 0 0 ,0,0,0,0,0,0,0
20180102102117,6220056,6222926,6251478,6222926,6248555,0,,9333384000,918528970300000,0,0,0,0,0,0,0,0,0,0,0,0,0,0,0,0,0 0 0 0 0 0 0 0 0 0 ,0 0 0 0 0 0 0 0 0 0 ,0 0 0 0 0 0 0 0 0 0 ,0 0 0 0 0 0 0 0 0 0 0 0 0 0 0 0 0 0 0 0 0 0 0 0 0 0 0 0 0 0 0 0 0 0 0 0 0 0 0 0 0 0 0 0 0 0 0 0 0 0 ,0 0 0 0 0 0 0 0 0 0 ,0 0 0 0 0 0 0 0 0 0 ,0 0 0 0 0 0 0 0 0 0 ,0 0 0 0 0 0 0 0 0 0 0 0 0 0 0 0 0 0 0 0 0 0 0 0 0 0 0 0 0 0 0 0 0 0 0 0 0 0 0 0 0 0 0 0 0 0 0 0 0 0 ,0,0,0,0,0,0,0
20180102102122,6220056,6222926,6251478,6222926,6248694,0,,9337254000,919311166500000,0,0,0,0,0,0,0,0,0,0,0,0,0,0,0,0,0 0 0 0 0 0 0 0 0 0 ,0 0 0 0 0 0 0 0 0 0 ,0 0 0 0 0 0 0 0 0 0 ,0 0 0 0 0 0 0 0 0 0 0 0 0 0 0 0 0 0 0 0 0 0 0 0 0 0 0 0 0 0 0 0 0 0 0 0 0 0 0 0 0 0 0 0 0 0 0 0 0 0 ,0 0 0 0 0 0 0 0 0 0 ,0 0 0 0 0 0 0 0 0 0 ,0 0 0 0 0 0 0 0 0 0 ,0 0 0 0 0 0 0 0 0 0 0 0 0 0 0 0 0 0 0 0 0 0 0 0 0 0 0 0 0 0 0 0 0 0 0 0 0 0 0 0 0 0 0 0 0 0 0 0 0 0 ,0,0,0,0,0,0,0
20180102102127,6220056,6222926,6251478,6222926,6248595,0,,9358434000,919685670700000,0,0,0,0,0,0,0,0,0,0,0,0,0,0,0,0,0 0 0 0 0 0 0 0 0 0 ,0 0 0 0 0 0 0 0 0 0 ,0 0 0 0 0 0 0 0 0 0 ,0 0 0 0 0 0 0 0 0 0 0 0 0 0 0 0 0 0 0 0 0 0 0 0 0 0 0 0 0 0 0 0 0 0 0 0 0 0 0 0 0 0 0 0 0 0 0 0 0 0 ,0 0 0 0 0 0 0 0 0 0 ,0 0 0 0 0 0 0 0 0 0 ,0 0 0 0 0 0 0 0 0 0 ,0 0 0 0 0 0 0 0 0 0 0 0 0 0 0 0 0 0 0 0 0 0 0 0 0 0 0 0 0 0 0 0 0 0 0 0 0 0 0 0 0 0 0 0 0 0 0 0 0 0 ,0,0,0,0,0,0,0
20180102102132,6220056,6222926,6251478,6222926,6248593,0,,9360090000,920343073300000,0,0,0,0,0,0,0,0,0,0,0,0,0,0,0,0,0 0 0 0 0 0 0 0 0 0 ,0 0 0 0 0 0 0 0 0 0 ,0 0 0 0 0 0 0 0 0 0 ,0 0 0 0 0 0 0 0 0 0 0 0 0 0 0 0 0 0 0 0 0 0 0 0 0 0 0 0 0 0 0 0 0 0 0 0 0 0 0 0 0 0 0 0 0 0 0 0 0 0 ,0 0 0 0 0 0 0 0 0 0 ,0 0 0 0 0 0 0 0 0 0 ,0 0 0 0 0 0 0 0 0 0 ,0 0 0 0 0 0 0 0 0 0 0 0 0 0 0 0 0 0 0 0 0 0 0 0 0 0 0 0 0 0 0 0 0 0 0 0 0 0 0 0 0 0 0 0 0 0 0 0 0 0 ,0,0,0,0,0,0,0
20180102102137,6220056,6222926,6251478,6222926,6248714,0,,9401850000,924327300100000,0,0,0,0,0,0,0,0,0,0,0,0,0,0,0,0,0 0 0 0 0 0 0 0 0 0 ,0 0 0 0 0 0 0 0 0 0 ,0 0 0 0 0 0 0 0 0 0 ,0 0 0 0 0 0 0 0 0 0 0 0 0 0 0 0 0 0 0 0 0 0 0 0 0 0 0 0 0 0 0 0 0 0 0 0 0 0 0 0 0 0 0 0 0 0 0 0 0 0 ,0 0 0 0 0 0 0 0 0 0 ,0 0 0 0 0 0 0 0 0 0 ,0 0 0 0 0 0 0 0 0 0 ,0 0 0 0 0 0 0 0 0 0 0 0 0 0 0 0 0 0 0 0 0 0 0 0 0 0 0 0 0 0 0 0 0 0 0 0 0 0 0 0 0 0 0 0 0 0 0 0 0 0 ,0,0,0,0,0,0,0
20180102102142,6220056,6222926,6251478,6222926,6248722,0,,9438193000,924951152400000,0,0,0,0,0,0,0,0,0,0,0,0,0,0,0,0,0 0 0 0 0 0 0 0 0 0 ,0 0 0 0 0 0 0 0 0 0 ,0 0 0 0 0 0 0 0 0 0 ,0 0 0 0 0 0 0 0 0 0 0 0 0 0 0 0 0 0 0 0 0 0 0 0 0 0 0 0 0 0 0 0 0 0 0 0 0 0 0 0 0 0 0 0 0 0 0 0 0 0 ,0 0 0 0 0 0 0 0 0 0 ,0 0 0 0 0 0 0 0 0 0 ,0 0 0 0 0 0 0 0 0 0 ,0 0 0 0 0 0 0 0 0 0 0 0 0 0 0 0 0 0 0 0 0 0 0 0 0 0 0 0 0 0 0 0 0 0 0 0 0 0 0 0 0 0 0 0 0 0 0 0 0 0 ,0,0,0,0,0,0,0
20180102102147,6220056,6222926,6251478,6222926,6249086,0,,9452560000,925384166200000,0,0,0,0,0,0,0,0,0,0,0,0,0,0,0,0,0 0 0 0 0 0 0 0 0 0 ,0 0 0 0 0 0 0 0 0 0 ,0 0 0 0 0 0 0 0 0 0 ,0 0 0 0 0 0 0 0 0 0 0 0 0 0 0 0 0 0 0 0 0 0 0 0 0 0 0 0 0 0 0 0 0 0 0 0 0 0 0 0 0 0 0 0 0 0 0 0 0 0 ,0 0 0 0 0 0 0 0 0 0 ,0 0 0 0 0 0 0 0 0 0 ,0 0 0 0 0 0 0 0 0 0 ,0 0 0 0 0 0 0 0 0 0 0 0 0 0 0 0 0 0 0 0 0 0 0 0 0 0 0 0 0 0 0 0 0 0 0 0 0 0 0 0 0 0 0 0 0 0 0 0 0 0 ,0,0,0,0,0,0,0
20180102102152,6220056,6222926,6251478,6222926,6249221,0,,9486861000,926035423000000,0,0,0,0,0,0,0,0,0,0,0,0,0,0,0,0,0 0 0 0 0 0 0 0 0 0 ,0 0 0 0 0 0 0 0 0 0 ,0 0 0 0 0 0 0 0 0 0 ,0 0 0 0 0 0 0 0 0 0 0 0 0 0 0 0 0 0 0 0 0 0 0 0 0 0 0 0 0 0 0 0 0 0 0 0 0 0 0 0 0 0 0 0 0 0 0 0 0 0 ,0 0 0 0 0 0 0 0 0 0 ,0 0 0 0 0 0 0 0 0 0 ,0 0 0 0 0 0 0 0 0 0 ,0 0 0 0 0 0 0 0 0 0 0 0 0 0 0 0 0 0 0 0 0 0 0 0 0 0 0 0 0 0 0 0 0 0 0 0 0 0 0 0 0 0 0 0 0 0 0 0 0 0 ,0,0,0,0,0,0,0
20180102102157,6220056,6222926,6251478,6222926,6249484,0,,9496606000,926866700300000,0,0,0,0,0,0,0,0,0,0,0,0,0,0,0,0,0 0 0 0 0 0 0 0 0 0 ,0 0 0 0 0 0 0 0 0 0 ,0 0 0 0 0 0 0 0 0 0 ,0 0 0 0 0 0 0 0 0 0 0 0 0 0 0 0 0 0 0 0 0 0 0 0 0 0 0 0 0 0 0 0 0 0 0 0 0 0 0 0 0 0 0 0 0 0 0 0 0 0 ,0 0 0 0 0 0 0 0 0 0 ,0 0 0 0 0 0 0 0 0 0 ,0 0 0 0 0 0 0 0 0 0 ,0 0 0 0 0 0 0 0 0 0 0 0 0 0 0 0 0 0 0 0 0 0 0 0 0 0 0 0 0 0 0 0 0 0 0 0 0 0 0 0 0 0 0 0 0 0 0 0 0 0 ,0,0,0,0,0,0,0
20180102102202,6220056,6222926,6251478,6222926,6249255,0,,9547217000,928723378000000,0,0,0,0,0,0,0,0,0,0,0,0,0,0,0,0,0 0 0 0 0 0 0 0 0 0 ,0 0 0 0 0 0 0 0 0 0 ,0 0 0 0 0 0 0 0 0 0 ,0 0 0 0 0 0 0 0 0 0 0 0 0 0 0 0 0 0 0 0 0 0 0 0 0 0 0 0 0 0 0 0 0 0 0 0 0 0 0 0 0 0 0 0 0 0 0 0 0 0 ,0 0 0 0 0 0 0 0 0 0 ,0 0 0 0 0 0 0 0 0 0 ,0 0 0 0 0 0 0 0 0 0 ,0 0 0 0 0 0 0 0 0 0 0 0 0 0 0 0 0 0 0 0 0 0 0 0 0 0 0 0 0 0 0 0 0 0 0 0 0 0 0 0 0 0 0 0 0 0 0 0 0 0 ,0,0,0,0,0,0,0
20180102102207,6220056,6222926,6251478,6222926,6249258,0,,9551515000,929677985800000,0,0,0,0,0,0,0,0,0,0,0,0,0,0,0,0,0 0 0 0 0 0 0 0 0 0 ,0 0 0 0 0 0 0 0 0 0 ,0 0 0 0 0 0 0 0 0 0 ,0 0 0 0 0 0 0 0 0 0 0 0 0 0 0 0 0 0 0 0 0 0 0 0 0 0 0 0 0 0 0 0 0 0 0 0 0 0 0 0 0 0 0 0 0 0 0 0 0 0 ,0 0 0 0 0 0 0 0 0 0 ,0 0 0 0 0 0 0 0 0 0 ,0 0 0 0 0 0 0 0 0 0 ,0 0 0 0 0 0 0 0 0 0 0 0 0 0 0 0 0 0 0 0 0 0 0 0 0 0 0 0 0 0 0 0 0 0 0 0 0 0 0 0 0 0 0 0 0 0 0 0 0 0 ,0,0,0,0,0,0,0
20180102102212,6220056,6222926,6251478,6222926,6249134,0,,9564751000,930567747600000,0,0,0,0,0,0,0,0,0,0,0,0,0,0,0,0,0 0 0 0 0 0 0 0 0 0 ,0 0 0 0 0 0 0 0 0 0 ,0 0 0 0 0 0 0 0 0 0 ,0 0 0 0 0 0 0 0 0 0 0 0 0 0 0 0 0 0 0 0 0 0 0 0 0 0 0 0 0 0 0 0 0 0 0 0 0 0 0 0 0 0 0 0 0 0 0 0 0 0 ,0 0 0 0 0 0 0 0 0 0 ,0 0 0 0 0 0 0 0 0 0 ,0 0 0 0 0 0 0 0 0 0 ,0 0 0 0 0 0 0 0 0 0 0 0 0 0 0 0 0 0 0 0 0 0 0 0 0 0 0 0 0 0 0 0 0 0 0 0 0 0 0 0 0 0 0 0 0 0 0 0 0 0 ,0,0,0,0,0,0,0
20180102102217,6220056,6222926,6251478,6222926,6249143,0,,9566068000,931229836300000,0,0,0,0,0,0,0,0,0,0,0,0,0,0,0,0,0 0 0 0 0 0 0 0 0 0 ,0 0 0 0 0 0 0 0 0 0 ,0 0 0 0 0 0 0 0 0 0 ,0 0 0 0 0 0 0 0 0 0 0 0 0 0 0 0 0 0 0 0 0 0 0 0 0 0 0 0 0 0 0 0 0 0 0 0 0 0 0 0 0 0 0 0 0 0 0 0 0 0 ,0 0 0 0 0 0 0 0 0 0 ,0 0 0 0 0 0 0 0 0 0 ,0 0 0 0 0 0 0 0 0 0 ,0 0 0 0 0 0 0 0 0 0 0 0 0 0 0 0 0 0 0 0 0 0 0 0 0 0 0 0 0 0 0 0 0 0 0 0 0 0 0 0 0 0 0 0 0 0 0 0 0 0 ,0,0,0,0,0,0,0
20180102102222,6220056,6222926,6251478,6222926,6249032,0,,9590619000,932194835300000,0,0,0,0,0,0,0,0,0,0,0,0,0,0,0,0,0 0 0 0 0 0 0 0 0 0 ,0 0 0 0 0 0 0 0 0 0 ,0 0 0 0 0 0 0 0 0 0 ,0 0 0 0 0 0 0 0 0 0 0 0 0 0 0 0 0 0 0 0 0 0 0 0 0 0 0 0 0 0 0 0 0 0 0 0 0 0 0 0 0 0 0 0 0 0 0 0 0 0 ,0 0 0 0 0 0 0 0 0 0 ,0 0 0 0 0 0 0 0 0 0 ,0 0 0 0 0 0 0 0 0 0 ,0 0 0 0 0 0 0 0 0 0 0 0 0 0 0 0 0 0 0 0 0 0 0 0 0 0 0 0 0 0 0 0 0 0 0 0 0 0 0 0 0 0 0 0 0 0 0 0 0 0 ,0,0,0,0,0,0,0
20180102102227,6220056,6222926,6251478,6222926,6248782,0,,9600286000,933315510400000,0,0,0,0,0,0,0,0,0,0,0,0,0,0,0,0,0 0 0 0 0 0 0 0 0 0 ,0 0 0 0 0 0 0 0 0 0 ,0 0 0 0 0 0 0 0 0 0 ,0 0 0 0 0 0 0 0 0 0 0 0 0 0 0 0 0 0 0 0 0 0 0 0 0 0 0 0 0 0 0 0 0 0 0 0 0 0 0 0 0 0 0 0 0 0 0 0 0 0 ,0 0 0 0 0 0 0 0 0 0 ,0 0 0 0 0 0 0 0 0 0 ,0 0 0 0 0 0 0 0 0 0 ,0 0 0 0 0 0 0 0 0 0 0 0 0 0 0 0 0 0 0 0 0 0 0 0 0 0 0 0 0 0 0 0 0 0 0 0 0 0 0 0 0 0 0 0 0 0 0 0 0 0 ,0,0,0,0,0,0,0
20180102102232,6220056,6222926,6251478,6222926,6248704,0,,9601732000,934018495000000,0,0,0,0,0,0,0,0,0,0,0,0,0,0,0,0,0 0 0 0 0 0 0 0 0 0 ,0 0 0 0 0 0 0 0 0 0 ,0 0 0 0 0 0 0 0 0 0 ,0 0 0 0 0 0 0 0 0 0 0 0 0 0 0 0 0 0 0 0 0 0 0 0 0 0 0 0 0 0 0 0 0 0 0 0 0 0 0 0 0 0 0 0 0 0 0 0 0 0 ,0 0 0 0 0 0 0 0 0 0 ,0 0 0 0 0 0 0 0 0 0 ,0 0 0 0 0 0 0 0 0 0 ,0 0 0 0 0 0 0 0 0 0 0 0 0 0 0 0 0 0 0 0 0 0 0 0 0 0 0 0 0 0 0 0 0 0 0 0 0 0 0 0 0 0 0 0 0 0 0 0 0 0 ,0,0,0,0,0,0,0
20180102102237,6220056,6222926,6251478,6222926,6249275,0,,9605980000,935298444400000,0,0,0,0,0,0,0,0,0,0,0,0,0,0,0,0,0 0 0 0 0 0 0 0 0 0 ,0 0 0 0 0 0 0 0 0 0 ,0 0 0 0 0 0 0 0 0 0 ,0 0 0 0 0 0 0 0 0 0 0 0 0 0 0 0 0 0 0 0 0 0 0 0 0 0 0 0 0 0 0 0 0 0 0 0 0 0 0 0 0 0 0 0 0 0 0 0 0 0 ,0 0 0 0 0 0 0 0 0 0 ,0 0 0 0 0 0 0 0 0 0 ,0 0 0 0 0 0 0 0 0 0 ,0 0 0 0 0 0 0 0 0 0 0 0 0 0 0 0 0 0 0 0 0 0 0 0 0 0 0 0 0 0 0 0 0 0 0 0 0 0 0 0 0 0 0 0 0 0 0 0 0 0 ,0,0,0,0,0,0,0
20180102102242,6220056,6222926,6251478,6222926,6249278,0,,9648241000,938976014400000,0,0,0,0,0,0,0,0,0,0,0,0,0,0,0,0,0 0 0 0 0 0 0 0 0 0 ,0 0 0 0 0 0 0 0 0 0 ,0 0 0 0 0 0 0 0 0 0 ,0 0 0 0 0 0 0 0 0 0 0 0 0 0 0 0 0 0 0 0 0 0 0 0 0 0 0 0 0 0 0 0 0 0 0 0 0 0 0 0 0 0 0 0 0 0 0 0 0 0 ,0 0 0 0 0 0 0 0 0 0 ,0 0 0 0 0 0 0 0 0 0 ,0 0 0 0 0 0 0 0 0 0 ,0 0 0 0 0 0 0 0 0 0 0 0 0 0 0 0 0 0 0 0 0 0 0 0 0 0 0 0 0 0 0 0 0 0 0 0 0 0 0 0 0 0 0 0 0 0 0 0 0 0 ,0,0,0,0,0,0,0
20180102102247,6220056,6222926,6251478,6222926,6249387,0,,9668129000,939724386500000,0,0,0,0,0,0,0,0,0,0,0,0,0,0,0,0,0 0 0 0 0 0 0 0 0 0 ,0 0 0 0 0 0 0 0 0 0 ,0 0 0 0 0 0 0 0 0 0 ,0 0 0 0 0 0 0 0 0 0 0 0 0 0 0 0 0 0 0 0 0 0 0 0 0 0 0 0 0 0 0 0 0 0 0 0 0 0 0 0 0 0 0 0 0 0 0 0 0 0 ,0 0 0 0 0 0 0 0 0 0 ,0 0 0 0 0 0 0 0 0 0 ,0 0 0 0 0 0 0 0 0 0 ,0 0 0 0 0 0 0 0 0 0 0 0 0 0 0 0 0 0 0 0 0 0 0 0 0 0 0 0 0 0 0 0 0 0 0 0 0 0 0 0 0 0 0 0 0 0 0 0 0 0 ,0,0,0,0,0,0,0
20180102102252,6220056,6222926,6251478,6222926,6249558,0,,9676688000,943776819000000,0,0,0,0,0,0,0,0,0,0,0,0,0,0,0,0,0 0 0 0 0 0 0 0 0 0 ,0 0 0 0 0 0 0 0 0 0 ,0 0 0 0 0 0 0 0 0 0 ,0 0 0 0 0 0 0 0 0 0 0 0 0 0 0 0 0 0 0 0 0 0 0 0 0 0 0 0 0 0 0 0 0 0 0 0 0 0 0 0 0 0 0 0 0 0 0 0 0 0 ,0 0 0 0 0 0 0 0 0 0 ,0 0 0 0 0 0 0 0 0 0 ,0 0 0 0 0 0 0 0 0 0 ,0 0 0 0 0 0 0 0 0 0 0 0 0 0 0 0 0 0 0 0 0 0 0 0 0 0 0 0 0 0 0 0 0 0 0 0 0 0 0 0 0 0 0 0 0 0 0 0 0 0 ,0,0,0,0,0,0,0
20180102102257,6220056,6222926,6251478,6222926,6249908,0,,9682570000,944950848100000,0,0,0,0,0,0,0,0,0,0,0,0,0,0,0,0,0 0 0 0 0 0 0 0 0 0 ,0 0 0 0 0 0 0 0 0 0 ,0 0 0 0 0 0 0 0 0 0 ,0 0 0 0 0 0 0 0 0 0 0 0 0 0 0 0 0 0 0 0 0 0 0 0 0 0 0 0 0 0 0 0 0 0 0 0 0 0 0 0 0 0 0 0 0 0 0 0 0 0 ,0 0 0 0 0 0 0 0 0 0 ,0 0 0 0 0 0 0 0 0 0 ,0 0 0 0 0 0 0 0 0 0 ,0 0 0 0 0 0 0 0 0 0 0 0 0 0 0 0 0 0 0 0 0 0 0 0 0 0 0 0 0 0 0 0 0 0 0 0 0 0 0 0 0 0 0 0 0 0 0 0 0 0 ,0,0,0,0,0,0,0
20180102102302,6220056,6222926,6251478,6222926,6249997,0,,9685396000,945351258300000,0,0,0,0,0,0,0,0,0,0,0,0,0,0,0,0,0 0 0 0 0 0 0 0 0 0 ,0 0 0 0 0 0 0 0 0 0 ,0 0 0 0 0 0 0 0 0 0 ,0 0 0 0 0 0 0 0 0 0 0 0 0 0 0 0 0 0 0 0 0 0 0 0 0 0 0 0 0 0 0 0 0 0 0 0 0 0 0 0 0 0 0 0 0 0 0 0 0 0 ,0 0 0 0 0 0 0 0 0 0 ,0 0 0 0 0 0 0 0 0 0 ,0 0 0 0 0 0 0 0 0 0 ,0 0 0 0 0 0 0 0 0 0 0 0 0 0 0 0 0 0 0 0 0 0 0 0 0 0 0 0 0 0 0 0 0 0 0 0 0 0 0 0 0 0 0 0 0 0 0 0 0 0 ,0,0,0,0,0,0,0
20180102102307,6220056,6222926,6251478,6222926,6249836,0,,9714187000,949048733700000,0,0,0,0,0,0,0,0,0,0,0,0,0,0,0,0,0 0 0 0 0 0 0 0 0 0 ,0 0 0 0 0 0 0 0 0 0 ,0 0 0 0 0 0 0 0 0 0 ,0 0 0 0 0 0 0 0 0 0 0 0 0 0 0 0 0 0 0 0 0 0 0 0 0 0 0 0 0 0 0 0 0 0 0 0 0 0 0 0 0 0 0 0 0 0 0 0 0 0 ,0 0 0 0 0 0 0 0 0 0 ,0 0 0 0 0 0 0 0 0 0 ,0 0 0 0 0 0 0 0 0 0 ,0 0 0 0 0 0 0 0 0 0 0 0 0 0 0 0 0 0 0 0 0 0 0 0 0 0 0 0 0 0 0 0 0 0 0 0 0 0 0 0 0 0 0 0 0 0 0 0 0 0 ,0,0,0,0,0,0,0
20180102102312,6220056,6222926,6251478,6222926,6250152,0,,9756886000,956867452900000,0,0,0,0,0,0,0,0,0,0,0,0,0,0,0,0,0 0 0 0 0 0 0 0 0 0 ,0 0 0 0 0 0 0 0 0 0 ,0 0 0 0 0 0 0 0 0 0 ,0 0 0 0 0 0 0 0 0 0 0 0 0 0 0 0 0 0 0 0 0 0 0 0 0 0 0 0 0 0 0 0 0 0 0 0 0 0 0 0 0 0 0 0 0 0 0 0 0 0 ,0 0 0 0 0 0 0 0 0 0 ,0 0 0 0 0 0 0 0 0 0 ,0 0 0 0 0 0 0 0 0 0 ,0 0 0 0 0 0 0 0 0 0 0 0 0 0 0 0 0 0 0 0 0 0 0 0 0 0 0 0 0 0 0 0 0 0 0 0 0 0 0 0 0 0 0 0 0 0 0 0 0 0 ,0,0,0,0,0,0,0
20180102102317,6220056,6222926,6251478,6222926,6249902,0,,9757985000,957595410000000,0,0,0,0,0,0,0,0,0,0,0,0,0,0,0,0,0 0 0 0 0 0 0 0 0 0 ,0 0 0 0 0 0 0 0 0 0 ,0 0 0 0 0 0 0 0 0 0 ,0 0 0 0 0 0 0 0 0 0 0 0 0 0 0 0 0 0 0 0 0 0 0 0 0 0 0 0 0 0 0 0 0 0 0 0 0 0 0 0 0 0 0 0 0 0 0 0 0 0 ,0 0 0 0 0 0 0 0 0 0 ,0 0 0 0 0 0 0 0 0 0 ,0 0 0 0 0 0 0 0 0 0 ,0 0 0 0 0 0 0 0 0 0 0 0 0 0 0 0 0 0 0 0 0 0 0 0 0 0 0 0 0 0 0 0 0 0 0 0 0 0 0 0 0 0 0 0 0 0 0 0 0 0 ,0,0,0,0,0,0,0
20180102102322,6220056,6222926,6251478,6222926,6250003,0,,9768711000,958106893800000,0,0,0,0,0,0,0,0,0,0,0,0,0,0,0,0,0 0 0 0 0 0 0 0 0 0 ,0 0 0 0 0 0 0 0 0 0 ,0 0 0 0 0 0 0 0 0 0 ,0 0 0 0 0 0 0 0 0 0 0 0 0 0 0 0 0 0 0 0 0 0 0 0 0 0 0 0 0 0 0 0 0 0 0 0 0 0 0 0 0 0 0 0 0 0 0 0 0 0 ,0 0 0 0 0 0 0 0 0 0 ,0 0 0 0 0 0 0 0 0 0 ,0 0 0 0 0 0 0 0 0 0 ,0 0 0 0 0 0 0 0 0 0 0 0 0 0 0 0 0 0 0 0 0 0 0 0 0 0 0 0 0 0 0 0 0 0 0 0 0 0 0 0 0 0 0 0 0 0 0 0 0 0 ,0,0,0,0,0,0,0
20180102102327,6220056,6222926,6251478,6222926,6249696,0,,9770303000,958911482500000,0,0,0,0,0,0,0,0,0,0,0,0,0,0,0,0,0 0 0 0 0 0 0 0 0 0 ,0 0 0 0 0 0 0 0 0 0 ,0 0 0 0 0 0 0 0 0 0 ,0 0 0 0 0 0 0 0 0 0 0 0 0 0 0 0 0 0 0 0 0 0 0 0 0 0 0 0 0 0 0 0 0 0 0 0 0 0 0 0 0 0 0 0 0 0 0 0 0 0 ,0 0 0 0 0 0 0 0 0 0 ,0 0 0 0 0 0 0 0 0 0 ,0 0 0 0 0 0 0 0 0 0 ,0 0 0 0 0 0 0 0 0 0 0 0 0 0 0 0 0 0 0 0 0 0 0 0 0 0 0 0 0 0 0 0 0 0 0 0 0 0 0 0 0 0 0 0 0 0 0 0 0 0 ,0,0,0,0,0,0,0
20180102102332,6220056,6222926,6251478,6222926,6249744,0,,9770906000,959082115700000,0,0,0,0,0,0,0,0,0,0,0,0,0,0,0,0,0 0 0 0 0 0 0 0 0 0 ,0 0 0 0 0 0 0 0 0 0 ,0 0 0 0 0 0 0 0 0 0 ,0 0 0 0 0 0 0 0 0 0 0 0 0 0 0 0 0 0 0 0 0 0 0 0 0 0 0 0 0 0 0 0 0 0 0 0 0 0 0 0 0 0 0 0 0 0 0 0 0 0 ,0 0 0 0 0 0 0 0 0 0 ,0 0 0 0 0 0 0 0 0 0 ,0 0 0 0 0 0 0 0 0 0 ,0 0 0 0 0 0 0 0 0 0 0 0 0 0 0 0 0 0 0 0 0 0 0 0 0 0 0 0 0 0 0 0 0 0 0 0 0 0 0 0 0 0 0 0 0 0 0 0 0 0 ,0,0,0,0,0,0,0
20180102102337,6220056,6222926,6251478,6222926,6249691,0,,9786352000,959924649800000,0,0,0,0,0,0,0,0,0,0,0,0,0,0,0,0,0 0 0 0 0 0 0 0 0 0 ,0 0 0 0 0 0 0 0 0 0 ,0 0 0 0 0 0 0 0 0 0 ,0 0 0 0 0 0 0 0 0 0 0 0 0 0 0 0 0 0 0 0 0 0 0 0 0 0 0 0 0 0 0 0 0 0 0 0 0 0 0 0 0 0 0 0 0 0 0 0 0 0 ,0 0 0 0 0 0 0 0 0 0 ,0 0 0 0 0 0 0 0 0 0 ,0 0 0 0 0 0 0 0 0 0 ,0 0 0 0 0 0 0 0 0 0 0 0 0 0 0 0 0 0 0 0 0 0 0 0 0 0 0 0 0 0 0 0 0 0 0 0 0 0 0 0 0 0 0 0 0 0 0 0 0 0 ,0,0,0,0,0,0,0
20180102102342,6220056,6222926,6251478,6222926,6249488,0,,9791296000,961611216300000,0,0,0,0,0,0,0,0,0,0,0,0,0,0,0,0,0 0 0 0 0 0 0 0 0 0 ,0 0 0 0 0 0 0 0 0 0 ,0 0 0 0 0 0 0 0 0 0 ,0 0 0 0 0 0 0 0 0 0 0 0 0 0 0 0 0 0 0 0 0 0 0 0 0 0 0 0 0 0 0 0 0 0 0 0 0 0 0 0 0 0 0 0 0 0 0 0 0 0 ,0 0 0 0 0 0 0 0 0 0 ,0 0 0 0 0 0 0 0 0 0 ,0 0 0 0 0 0 0 0 0 0 ,0 0 0 0 0 0 0 0 0 0 0 0 0 0 0 0 0 0 0 0 0 0 0 0 0 0 0 0 0 0 0 0 0 0 0 0 0 0 0 0 0 0 0 0 0 0 0 0 0 0 ,0,0,0,0,0,0,0
20180102102347,6220056,6222926,6251478,6222926,6249630,0,,9801994000,962106277700000,0,0,0,0,0,0,0,0,0,0,0,0,0,0,0,0,0 0 0 0 0 0 0 0 0 0 ,0 0 0 0 0 0 0 0 0 0 ,0 0 0 0 0 0 0 0 0 0 ,0 0 0 0 0 0 0 0 0 0 0 0 0 0 0 0 0 0 0 0 0 0 0 0 0 0 0 0 0 0 0 0 0 0 0 0 0 0 0 0 0 0 0 0 0 0 0 0 0 0 ,0 0 0 0 0 0 0 0 0 0 ,0 0 0 0 0 0 0 0 0 0 ,0 0 0 0 0 0 0 0 0 0 ,0 0 0 0 0 0 0 0 0 0 0 0 0 0 0 0 0 0 0 0 0 0 0 0 0 0 0 0 0 0 0 0 0 0 0 0 0 0 0 0 0 0 0 0 0 0 0 0 0 0 ,0,0,0,0,0,0,0
20180102102352,6220056,6222926,6251478,6222926,6249890,0,,9804820000,962775074300000,0,0,0,0,0,0,0,0,0,0,0,0,0,0,0,0,0 0 0 0 0 0 0 0 0 0 ,0 0 0 0 0 0 0 0 0 0 ,0 0 0 0 0 0 0 0 0 0 ,0 0 0 0 0 0 0 0 0 0 0 0 0 0 0 0 0 0 0 0 0 0 0 0 0 0 0 0 0 0 0 0 0 0 0 0 0 0 0 0 0 0 0 0 0 0 0 0 0 0 ,0 0 0 0 0 0 0 0 0 0 ,0 0 0 0 0 0 0 0 0 0 ,0 0 0 0 0 0 0 0 0 0 ,0 0 0 0 0 0 0 0 0 0 0 0 0 0 0 0 0 0 0 0 0 0 0 0 0 0 0 0 0 0 0 0 0 0 0 0 0 0 0 0 0 0 0 0 0 0 0 0 0 0 ,0,0,0,0,0,0,0
20180102102357,6220056,6222926,6251478,6222926,6249701,0,,9807781000,963576600600000,0,0,0,0,0,0,0,0,0,0,0,0,0,0,0,0,0 0 0 0 0 0 0 0 0 0 ,0 0 0 0 0 0 0 0 0 0 ,0 0 0 0 0 0 0 0 0 0 ,0 0 0 0 0 0 0 0 0 0 0 0 0 0 0 0 0 0 0 0 0 0 0 0 0 0 0 0 0 0 0 0 0 0 0 0 0 0 0 0 0 0 0 0 0 0 0 0 0 0 ,0 0 0 0 0 0 0 0 0 0 ,0 0 0 0 0 0 0 0 0 0 ,0 0 0 0 0 0 0 0 0 0 ,0 0 0 0 0 0 0 0 0 0 0 0 0 0 0 0 0 0 0 0 0 0 0 0 0 0 0 0 0 0 0 0 0 0 0 0 0 0 0 0 0 0 0 0 0 0 0 0 0 0 ,0,0,0,0,0,0,0
20180102102402,6220056,6222926,6251478,6222926,6249821,0,,9817367000,964467310900000,0,0,0,0,0,0,0,0,0,0,0,0,0,0,0,0,0 0 0 0 0 0 0 0 0 0 ,0 0 0 0 0 0 0 0 0 0 ,0 0 0 0 0 0 0 0 0 0 ,0 0 0 0 0 0 0 0 0 0 0 0 0 0 0 0 0 0 0 0 0 0 0 0 0 0 0 0 0 0 0 0 0 0 0 0 0 0 0 0 0 0 0 0 0 0 0 0 0 0 ,0 0 0 0 0 0 0 0 0 0 ,0 0 0 0 0 0 0 0 0 0 ,0 0 0 0 0 0 0 0 0 0 ,0 0 0 0 0 0 0 0 0 0 0 0 0 0 0 0 0 0 0 0 0 0 0 0 0 0 0 0 0 0 0 0 0 0 0 0 0 0 0 0 0 0 0 0 0 0 0 0 0 0 ,0,0,0,0,0,0,0
20180102102407,6220056,6222926,6251478,6222926,6249960,0,,9825559000,965020283000000,0,0,0,0,0,0,0,0,0,0,0,0,0,0,0,0,0 0 0 0 0 0 0 0 0 0 ,0 0 0 0 0 0 0 0 0 0 ,0 0 0 0 0 0 0 0 0 0 ,0 0 0 0 0 0 0 0 0 0 0 0 0 0 0 0 0 0 0 0 0 0 0 0 0 0 0 0 0 0 0 0 0 0 0 0 0 0 0 0 0 0 0 0 0 0 0 0 0 0 ,0 0 0 0 0 0 0 0 0 0 ,0 0 0 0 0 0 0 0 0 0 ,0 0 0 0 0 0 0 0 0 0 ,0 0 0 0 0 0 0 0 0 0 0 0 0 0 0 0 0 0 0 0 0 0 0 0 0 0 0 0 0 0 0 0 0 0 0 0 0 0 0 0 0 0 0 0 0 0 0 0 0 0 ,0,0,0,0,0,0,0
20180102102412,6220056,6222926,6251478,6222926,6250018,0,,9833812000,965861549700000,0,0,0,0,0,0,0,0,0,0,0,0,0,0,0,0,0 0 0 0 0 0 0 0 0 0 ,0 0 0 0 0 0 0 0 0 0 ,0 0 0 0 0 0 0 0 0 0 ,0 0 0 0 0 0 0 0 0 0 0 0 0 0 0 0 0 0 0 0 0 0 0 0 0 0 0 0 0 0 0 0 0 0 0 0 0 0 0 0 0 0 0 0 0 0 0 0 0 0 ,0 0 0 0 0 0 0 0 0 0 ,0 0 0 0 0 0 0 0 0 0 ,0 0 0 0 0 0 0 0 0 0 ,0 0 0 0 0 0 0 0 0 0 0 0 0 0 0 0 0 0 0 0 0 0 0 0 0 0 0 0 0 0 0 0 0 0 0 0 0 0 0 0 0 0 0 0 0 0 0 0 0 0 ,0,0,0,0,0,0,0
20180102102417,6220056,6222926,6251478,6222926,6250361,0,,9852020000,966736860800000,0,0,0,0,0,0,0,0,0,0,0,0,0,0,0,0,0 0 0 0 0 0 0 0 0 0 ,0 0 0 0 0 0 0 0 0 0 ,0 0 0 0 0 0 0 0 0 0 ,0 0 0 0 0 0 0 0 0 0 0 0 0 0 0 0 0 0 0 0 0 0 0 0 0 0 0 0 0 0 0 0 0 0 0 0 0 0 0 0 0 0 0 0 0 0 0 0 0 0 ,0 0 0 0 0 0 0 0 0 0 ,0 0 0 0 0 0 0 0 0 0 ,0 0 0 0 0 0 0 0 0 0 ,0 0 0 0 0 0 0 0 0 0 0 0 0 0 0 0 0 0 0 0 0 0 0 0 0 0 0 0 0 0 0 0 0 0 0 0 0 0 0 0 0 0 0 0 0 0 0 0 0 0 ,0,0,0,0,0,0,0
20180102102422,6220056,6222926,6251478,6222926,6250392,0,,9919954000,970621800000000,0,0,0,0,0,0,0,0,0,0,0,0,0,0,0,0,0 0 0 0 0 0 0 0 0 0 ,0 0 0 0 0 0 0 0 0 0 ,0 0 0 0 0 0 0 0 0 0 ,0 0 0 0 0 0 0 0 0 0 0 0 0 0 0 0 0 0 0 0 0 0 0 0 0 0 0 0 0 0 0 0 0 0 0 0 0 0 0 0 0 0 0 0 0 0 0 0 0 0 ,0 0 0 0 0 0 0 0 0 0 ,0 0 0 0 0 0 0 0 0 0 ,0 0 0 0 0 0 0 0 0 0 ,0 0 0 0 0 0 0 0 0 0 0 0 0 0 0 0 0 0 0 0 0 0 0 0 0 0 0 0 0 0 0 0 0 0 0 0 0 0 0 0 0 0 0 0 0 0 0 0 0 0 ,0,0,0,0,0,0,0
20180102102427,6220056,6222926,6251478,6222926,6250832,0,,9973745000,972684251500000,0,0,0,0,0,0,0,0,0,0,0,0,0,0,0,0,0 0 0 0 0 0 0 0 0 0 ,0 0 0 0 0 0 0 0 0 0 ,0 0 0 0 0 0 0 0 0 0 ,0 0 0 0 0 0 0 0 0 0 0 0 0 0 0 0 0 0 0 0 0 0 0 0 0 0 0 0 0 0 0 0 0 0 0 0 0 0 0 0 0 0 0 0 0 0 0 0 0 0 ,0 0 0 0 0 0 0 0 0 0 ,0 0 0 0 0 0 0 0 0 0 ,0 0 0 0 0 0 0 0 0 0 ,0 0 0 0 0 0 0 0 0 0 0 0 0 0 0 0 0 0 0 0 0 0 0 0 0 0 0 0 0 0 0 0 0 0 0 0 0 0 0 0 0 0 0 0 0 0 0 0 0 0 ,0,0,0,0,0,0,0
20180102102432,6220056,6222926,6251478,6222926,6250816,0,,9994684000,975038136800000,0,0,0,0,0,0,0,0,0,0,0,0,0,0,0,0,0 0 0 0 0 0 0 0 0 0 ,0 0 0 0 0 0 0 0 0 0 ,0 0 0 0 0 0 0 0 0 0 ,0 0 0 0 0 0 0 0 0 0 0 0 0 0 0 0 0 0 0 0 0 0 0 0 0 0 0 0 0 0 0 0 0 0 0 0 0 0 0 0 0 0 0 0 0 0 0 0 0 0 ,0 0 0 0 0 0 0 0 0 0 ,0 0 0 0 0 0 0 0 0 0 ,0 0 0 0 0 0 0 0 0 0 ,0 0 0 0 0 0 0 0 0 0 0 0 0 0 0 0 0 0 0 0 0 0 0 0 0 0 0 0 0 0 0 0 0 0 0 0 0 0 0 0 0 0 0 0 0 0 0 0 0 0 ,0,0,0,0,0,0,0
20180102102437,6220056,6222926,6251478,6222926,6250868,0,,9997867000,975278915200000,0,0,0,0,0,0,0,0,0,0,0,0,0,0,0,0,0 0 0 0 0 0 0 0 0 0 ,0 0 0 0 0 0 0 0 0 0 ,0 0 0 0 0 0 0 0 0 0 ,0 0 0 0 0 0 0 0 0 0 0 0 0 0 0 0 0 0 0 0 0 0 0 0 0 0 0 0 0 0 0 0 0 0 0 0 0 0 0 0 0 0 0 0 0 0 0 0 0 0 ,0 0 0 0 0 0 0 0 0 0 ,0 0 0 0 0 0 0 0 0 0 ,0 0 0 0 0 0 0 0 0 0 ,0 0 0 0 0 0 0 0 0 0 0 0 0 0 0 0 0 0 0 0 0 0 0 0 0 0 0 0 0 0 0 0 0 0 0 0 0 0 0 0 0 0 0 0 0 0 0 0 0 0 ,0,0,0,0,0,0,0
20180102102442,6220056,6222926,6251478,6222926,6251045,0,,9998919000,975703676700000,0,0,0,0,0,0,0,0,0,0,0,0,0,0,0,0,0 0 0 0 0 0 0 0 0 0 ,0 0 0 0 0 0 0 0 0 0 ,0 0 0 0 0 0 0 0 0 0 ,0 0 0 0 0 0 0 0 0 0 0 0 0 0 0 0 0 0 0 0 0 0 0 0 0 0 0 0 0 0 0 0 0 0 0 0 0 0 0 0 0 0 0 0 0 0 0 0 0 0 ,0 0 0 0 0 0 0 0 0 0 ,0 0 0 0 0 0 0 0 0 0 ,0 0 0 0 0 0 0 0 0 0 ,0 0 0 0 0 0 0 0 0 0 0 0 0 0 0 0 0 0 0 0 0 0 0 0 0 0 0 0 0 0 0 0 0 0 0 0 0 0 0 0 0 0 0 0 0 0 0 0 0 0 ,0,0,0,0,0,0,0
20180102102447,6220056,6222926,6251478,6222926,6251055,0,,10002056000,975937021800000,0,0,0,0,0,0,0,0,0,0,0,0,0,0,0,0,0 0 0 0 0 0 0 0 0 0 ,0 0 0 0 0 0 0 0 0 0 ,0 0 0 0 0 0 0 0 0 0 ,0 0 0 0 0 0 0 0 0 0 0 0 0 0 0 0 0 0 0 0 0 0 0 0 0 0 0 0 0 0 0 0 0 0 0 0 0 0 0 0 0 0 0 0 0 0 0 0 0 0 ,0 0 0 0 0 0 0 0 0 0 ,0 0 0 0 0 0 0 0 0 0 ,0 0 0 0 0 0 0 0 0 0 ,0 0 0 0 0 0 0 0 0 0 0 0 0 0 0 0 0 0 0 0 0 0 0 0 0 0 0 0 0 0 0 0 0 0 0 0 0 0 0 0 0 0 0 0 0 0 0 0 0 0 ,0,0,0,0,0,0,0
20180102102452,6220056,6222926,6251478,6222926,6251349,0,,10017115000,979404070500000,0,0,0,0,0,0,0,0,0,0,0,0,0,0,0,0,0 0 0 0 0 0 0 0 0 0 ,0 0 0 0 0 0 0 0 0 0 ,0 0 0 0 0 0 0 0 0 0 ,0 0 0 0 0 0 0 0 0 0 0 0 0 0 0 0 0 0 0 0 0 0 0 0 0 0 0 0 0 0 0 0 0 0 0 0 0 0 0 0 0 0 0 0 0 0 0 0 0 0 ,0 0 0 0 0 0 0 0 0 0 ,0 0 0 0 0 0 0 0 0 0 ,0 0 0 0 0 0 0 0 0 0 ,0 0 0 0 0 0 0 0 0 0 0 0 0 0 0 0 0 0 0 0 0 0 0 0 0 0 0 0 0 0 0 0 0 0 0 0 0 0 0 0 0 0 0 0 0 0 0 0 0 0 ,0,0,0,0,0,0,0
20180102102457,6220056,6222926,6251557,6222926,6251557,0,,10033379000,980180449800000,0,0,0,0,0,0,0,0,0,0,0,0,0,0,0,0,0 0 0 0 0 0 0 0 0 0 ,0 0 0 0 0 0 0 0 0 0 ,0 0 0 0 0 0 0 0 0 0 ,0 0 0 0 0 0 0 0 0 0 0 0 0 0 0 0 0 0 0 0 0 0 0 0 0 0 0 0 0 0 0 0 0 0 0 0 0 0 0 0 0 0 0 0 0 0 0 0 0 0 ,0 0 0 0 0 0 0 0 0 0 ,0 0 0 0 0 0 0 0 0 0 ,0 0 0 0 0 0 0 0 0 0 ,0 0 0 0 0 0 0 0 0 0 0 0 0 0 0 0 0 0 0 0 0 0 0 0 0 0 0 0 0 0 0 0 0 0 0 0 0 0 0 0 0 0 0 0 0 0 0 0 0 0 ,0,0,0,0,0,0,0
20180102102502,6220056,6222926,6252165,6222926,6252165,0,,10041427000,980438409900000,0,0,0,0,0,0,0,0,0,0,0,0,0,0,0,0,0 0 0 0 0 0 0 0 0 0 ,0 0 0 0 0 0 0 0 0 0 ,0 0 0 0 0 0 0 0 0 0 ,0 0 0 0 0 0 0 0 0 0 0 0 0 0 0 0 0 0 0 0 0 0 0 0 0 0 0 0 0 0 0 0 0 0 0 0 0 0 0 0 0 0 0 0 0 0 0 0 0 0 ,0 0 0 0 0 0 0 0 0 0 ,0 0 0 0 0 0 0 0 0 0 ,0 0 0 0 0 0 0 0 0 0 ,0 0 0 0 0 0 0 0 0 0 0 0 0 0 0 0 0 0 0 0 0 0 0 0 0 0 0 0 0 0 0 0 0 0 0 0 0 0 0 0 0 0 0 0 0 0 0 0 0 0 ,0,0,0,0,0,0,0
20180102102507,6220056,6222926,6252416,6222926,6252253,0,,10074525000,981929103800000,0,0,0,0,0,0,0,0,0,0,0,0,0,0,0,0,0 0 0 0 0 0 0 0 0 0 ,0 0 0 0 0 0 0 0 0 0 ,0 0 0 0 0 0 0 0 0 0 ,0 0 0 0 0 0 0 0 0 0 0 0 0 0 0 0 0 0 0 0 0 0 0 0 0 0 0 0 0 0 0 0 0 0 0 0 0 0 0 0 0 0 0 0 0 0 0 0 0 0 ,0 0 0 0 0 0 0 0 0 0 ,0 0 0 0 0 0 0 0 0 0 ,0 0 0 0 0 0 0 0 0 0 ,0 0 0 0 0 0 0 0 0 0 0 0 0 0 0 0 0 0 0 0 0 0 0 0 0 0 0 0 0 0 0 0 0 0 0 0 0 0 0 0 0 0 0 0 0 0 0 0 0 0 ,0,0,0,0,0,0,0
20180102102512,6220056,6222926,6252898,6222926,6252898,0,,10093588000,984164624500000,0,0,0,0,0,0,0,0,0,0,0,0,0,0,0,0,0 0 0 0 0 0 0 0 0 0 ,0 0 0 0 0 0 0 0 0 0 ,0 0 0 0 0 0 0 0 0 0 ,0 0 0 0 0 0 0 0 0 0 0 0 0 0 0 0 0 0 0 0 0 0 0 0 0 0 0 0 0 0 0 0 0 0 0 0 0 0 0 0 0 0 0 0 0 0 0 0 0 0 ,0 0 0 0 0 0 0 0 0 0 ,0 0 0 0 0 0 0 0 0 0 ,0 0 0 0 0 0 0 0 0 0 ,0 0 0 0 0 0 0 0 0 0 0 0 0 0 0 0 0 0 0 0 0 0 0 0 0 0 0 0 0 0 0 0 0 0 0 0 0 0 0 0 0 0 0 0 0 0 0 0 0 0 ,0,0,0,0,0,0,0
20180102102517,6220056,6222926,6252909,6222926,6252897,0,,10103084000,984749362800000,0,0,0,0,0,0,0,0,0,0,0,0,0,0,0,0,0 0 0 0 0 0 0 0 0 0 ,0 0 0 0 0 0 0 0 0 0 ,0 0 0 0 0 0 0 0 0 0 ,0 0 0 0 0 0 0 0 0 0 0 0 0 0 0 0 0 0 0 0 0 0 0 0 0 0 0 0 0 0 0 0 0 0 0 0 0 0 0 0 0 0 0 0 0 0 0 0 0 0 ,0 0 0 0 0 0 0 0 0 0 ,0 0 0 0 0 0 0 0 0 0 ,0 0 0 0 0 0 0 0 0 0 ,0 0 0 0 0 0 0 0 0 0 0 0 0 0 0 0 0 0 0 0 0 0 0 0 0 0 0 0 0 0 0 0 0 0 0 0 0 0 0 0 0 0 0 0 0 0 0 0 0 0 ,0,0,0,0,0,0,0
20180102102522,6220056,6222926,6252909,6222926,6252466,0,,10133537000,985265553700000,0,0,0,0,0,0,0,0,0,0,0,0,0,0,0,0,0 0 0 0 0 0 0 0 0 0 ,0 0 0 0 0 0 0 0 0 0 ,0 0 0 0 0 0 0 0 0 0 ,0 0 0 0 0 0 0 0 0 0 0 0 0 0 0 0 0 0 0 0 0 0 0 0 0 0 0 0 0 0 0 0 0 0 0 0 0 0 0 0 0 0 0 0 0 0 0 0 0 0 ,0 0 0 0 0 0 0 0 0 0 ,0 0 0 0 0 0 0 0 0 0 ,0 0 0 0 0 0 0 0 0 0 ,0 0 0 0 0 0 0 0 0 0 0 0 0 0 0 0 0 0 0 0 0 0 0 0 0 0 0 0 0 0 0 0 0 0 0 0 0 0 0 0 0 0 0 0 0 0 0 0 0 0 ,0,0,0,0,0,0,0
20180102102527,6220056,6222926,6252909,6222926,6252640,0,,10147709000,985615527500000,0,0,0,0,0,0,0,0,0,0,0,0,0,0,0,0,0 0 0 0 0 0 0 0 0 0 ,0 0 0 0 0 0 0 0 0 0 ,0 0 0 0 0 0 0 0 0 0 ,0 0 0 0 0 0 0 0 0 0 0 0 0 0 0 0 0 0 0 0 0 0 0 0 0 0 0 0 0 0 0 0 0 0 0 0 0 0 0 0 0 0 0 0 0 0 0 0 0 0 ,0 0 0 0 0 0 0 0 0 0 ,0 0 0 0 0 0 0 0 0 0 ,0 0 0 0 0 0 0 0 0 0 ,0 0 0 0 0 0 0 0 0 0 0 0 0 0 0 0 0 0 0 0 0 0 0 0 0 0 0 0 0 0 0 0 0 0 0 0 0 0 0 0 0 0 0 0 0 0 0 0 0 0 ,0,0,0,0,0,0,0
20180102102532,6220056,6222926,6252909,6222926,6252898,0,,10151108000,985730589300000,0,0,0,0,0,0,0,0,0,0,0,0,0,0,0,0,0 0 0 0 0 0 0 0 0 0 ,0 0 0 0 0 0 0 0 0 0 ,0 0 0 0 0 0 0 0 0 0 ,0 0 0 0 0 0 0 0 0 0 0 0 0 0 0 0 0 0 0 0 0 0 0 0 0 0 0 0 0 0 0 0 0 0 0 0 0 0 0 0 0 0 0 0 0 0 0 0 0 0 ,0 0 0 0 0 0 0 0 0 0 ,0 0 0 0 0 0 0 0 0 0 ,0 0 0 0 0 0 0 0 0 0 ,0 0 0 0 0 0 0 0 0 0 0 0 0 0 0 0 0 0 0 0 0 0 0 0 0 0 0 0 0 0 0 0 0 0 0 0 0 0 0 0 0 0 0 0 0 0 0 0 0 0 ,0,0,0,0,0,0,0
20180102102537,6220056,6222926,6252909,6222926,6252587,0,,10163265000,986263873900000,0,0,0,0,0,0,0,0,0,0,0,0,0,0,0,0,0 0 0 0 0 0 0 0 0 0 ,0 0 0 0 0 0 0 0 0 0 ,0 0 0 0 0 0 0 0 0 0 ,0 0 0 0 0 0 0 0 0 0 0 0 0 0 0 0 0 0 0 0 0 0 0 0 0 0 0 0 0 0 0 0 0 0 0 0 0 0 0 0 0 0 0 0 0 0 0 0 0 0 ,0 0 0 0 0 0 0 0 0 0 ,0 0 0 0 0 0 0 0 0 0 ,0 0 0 0 0 0 0 0 0 0 ,0 0 0 0 0 0 0 0 0 0 0 0 0 0 0 0 0 0 0 0 0 0 0 0 0 0 0 0 0 0 0 0 0 0 0 0 0 0 0 0 0 0 0 0 0 0 0 0 0 0 ,0,0,0,0,0,0,0
20180102102542,6220056,6222926,6252909,6222926,6252515,0,,10166925000,986680462900000,0,0,0,0,0,0,0,0,0,0,0,0,0,0,0,0,0 0 0 0 0 0 0 0 0 0 ,0 0 0 0 0 0 0 0 0 0 ,0 0 0 0 0 0 0 0 0 0 ,0 0 0 0 0 0 0 0 0 0 0 0 0 0 0 0 0 0 0 0 0 0 0 0 0 0 0 0 0 0 0 0 0 0 0 0 0 0 0 0 0 0 0 0 0 0 0 0 0 0 ,0 0 0 0 0 0 0 0 0 0 ,0 0 0 0 0 0 0 0 0 0 ,0 0 0 0 0 0 0 0 0 0 ,0 0 0 0 0 0 0 0 0 0 0 0 0 0 0 0 0 0 0 0 0 0 0 0 0 0 0 0 0 0 0 0 0 0 0 0 0 0 0 0 0 0 0 0 0 0 0 0 0 0 ,0,0,0,0,0,0,0
20180102102547,6220056,6222926,6252909,6222926,6252549,0,,10170008000,986813149800000,0,0,0,0,0,0,0,0,0,0,0,0,0,0,0,0,0 0 0 0 0 0 0 0 0 0 ,0 0 0 0 0 0 0 0 0 0 ,0 0 0 0 0 0 0 0 0 0 ,0 0 0 0 0 0 0 0 0 0 0 0 0 0 0 0 0 0 0 0 0 0 0 0 0 0 0 0 0 0 0 0 0 0 0 0 0 0 0 0 0 0 0 0 0 0 0 0 0 0 ,0 0 0 0 0 0 0 0 0 0 ,0 0 0 0 0 0 0 0 0 0 ,0 0 0 0 0 0 0 0 0 0 ,0 0 0 0 0 0 0 0 0 0 0 0 0 0 0 0 0 0 0 0 0 0 0 0 0 0 0 0 0 0 0 0 0 0 0 0 0 0 0 0 0 0 0 0 0 0 0 0 0 0 ,0,0,0,0,0,0,0
20180102102552,6220056,6222926,6252909,6222926,6252210,0,,10178010000,987163581500000,0,0,0,0,0,0,0,0,0,0,0,0,0,0,0,0,0 0 0 0 0 0 0 0 0 0 ,0 0 0 0 0 0 0 0 0 0 ,0 0 0 0 0 0 0 0 0 0 ,0 0 0 0 0 0 0 0 0 0 0 0 0 0 0 0 0 0 0 0 0 0 0 0 0 0 0 0 0 0 0 0 0 0 0 0 0 0 0 0 0 0 0 0 0 0 0 0 0 0 ,0 0 0 0 0 0 0 0 0 0 ,0 0 0 0 0 0 0 0 0 0 ,0 0 0 0 0 0 0 0 0 0 ,0 0 0 0 0 0 0 0 0 0 0 0 0 0 0 0 0 0 0 0 0 0 0 0 0 0 0 0 0 0 0 0 0 0 0 0 0 0 0 0 0 0 0 0 0 0 0 0 0 0 ,0,0,0,0,0,0,0
20180102102557,6220056,6222926,6252909,6222926,6252625,0,,10199576000,987548388400000,0,0,0,0,0,0,0,0,0,0,0,0,0,0,0,0,0 0 0 0 0 0 0 0 0 0 ,0 0 0 0 0 0 0 0 0 0 ,0 0 0 0 0 0 0 0 0 0 ,0 0 0 0 0 0 0 0 0 0 0 0 0 0 0 0 0 0 0 0 0 0 0 0 0 0 0 0 0 0 0 0 0 0 0 0 0 0 0 0 0 0 0 0 0 0 0 0 0 0 ,0 0 0 0 0 0 0 0 0 0 ,0 0 0 0 0 0 0 0 0 0 ,0 0 0 0 0 0 0 0 0 0 ,0 0 0 0 0 0 0 0 0 0 0 0 0 0 0 0 0 0 0 0 0 0 0 0 0 0 0 0 0 0 0 0 0 0 0 0 0 0 0 0 0 0 0 0 0 0 0 0 0 0 ,0,0,0,0,0,0,0
20180102102602,6220056,6222926,6252909,6222926,6252318,0,,10213076000,988275907000000,0,0,0,0,0,0,0,0,0,0,0,0,0,0,0,0,0 0 0 0 0 0 0 0 0 0 ,0 0 0 0 0 0 0 0 0 0 ,0 0 0 0 0 0 0 0 0 0 ,0 0 0 0 0 0 0 0 0 0 0 0 0 0 0 0 0 0 0 0 0 0 0 0 0 0 0 0 0 0 0 0 0 0 0 0 0 0 0 0 0 0 0 0 0 0 0 0 0 0 ,0 0 0 0 0 0 0 0 0 0 ,0 0 0 0 0 0 0 0 0 0 ,0 0 0 0 0 0 0 0 0 0 ,0 0 0 0 0 0 0 0 0 0 0 0 0 0 0 0 0 0 0 0 0 0 0 0 0 0 0 0 0 0 0 0 0 0 0 0 0 0 0 0 0 0 0 0 0 0 0 0 0 0 ,0,0,0,0,0,0,0
20180102102607,6220056,6222926,6252909,6222926,6252513,0,,10222525000,988707085600000,0,0,0,0,0,0,0,0,0,0,0,0,0,0,0,0,0 0 0 0 0 0 0 0 0 0 ,0 0 0 0 0 0 0 0 0 0 ,0 0 0 0 0 0 0 0 0 0 ,0 0 0 0 0 0 0 0 0 0 0 0 0 0 0 0 0 0 0 0 0 0 0 0 0 0 0 0 0 0 0 0 0 0 0 0 0 0 0 0 0 0 0 0 0 0 0 0 0 0 ,0 0 0 0 0 0 0 0 0 0 ,0 0 0 0 0 0 0 0 0 0 ,0 0 0 0 0 0 0 0 0 0 ,0 0 0 0 0 0 0 0 0 0 0 0 0 0 0 0 0 0 0 0 0 0 0 0 0 0 0 0 0 0 0 0 0 0 0 0 0 0 0 0 0 0 0 0 0 0 0 0 0 0 ,0,0,0,0,0,0,0
20180102102612,6220056,6222926,6252909,6222926,6252377,0,,10232113000,988974946000000,0,0,0,0,0,0,0,0,0,0,0,0,0,0,0,0,0 0 0 0 0 0 0 0 0 0 ,0 0 0 0 0 0 0 0 0 0 ,0 0 0 0 0 0 0 0 0 0 ,0 0 0 0 0 0 0 0 0 0 0 0 0 0 0 0 0 0 0 0 0 0 0 0 0 0 0 0 0 0 0 0 0 0 0 0 0 0 0 0 0 0 0 0 0 0 0 0 0 0 ,0 0 0 0 0 0 0 0 0 0 ,0 0 0 0 0 0 0 0 0 0 ,0 0 0 0 0 0 0 0 0 0 ,0 0 0 0 0 0 0 0 0 0 0 0 0 0 0 0 0 0 0 0 0 0 0 0 0 0 0 0 0 0 0 0 0 0 0 0 0 0 0 0 0 0 0 0 0 0 0 0 0 0 ,0,0,0,0,0,0,0
20180102102617,6220056,6222926,6252909,6222926,6252598,0,,10234520000,989166553000000,0,0,0,0,0,0,0,0,0,0,0,0,0,0,0,0,0 0 0 0 0 0 0 0 0 0 ,0 0 0 0 0 0 0 0 0 0 ,0 0 0 0 0 0 0 0 0 0 ,0 0 0 0 0 0 0 0 0 0 0 0 0 0 0 0 0 0 0 0 0 0 0 0 0 0 0 0 0 0 0 0 0 0 0 0 0 0 0 0 0 0 0 0 0 0 0 0 0 0 ,0 0 0 0 0 0 0 0 0 0 ,0 0 0 0 0 0 0 0 0 0 ,0 0 0 0 0 0 0 0 0 0 ,0 0 0 0 0 0 0 0 0 0 0 0 0 0 0 0 0 0 0 0 0 0 0 0 0 0 0 0 0 0 0 0 0 0 0 0 0 0 0 0 0 0 0 0 0 0 0 0 0 0 ,0,0,0,0,0,0,0
20180102102622,6220056,6222926,6252909,6222926,6252660,0,,10237623000,989878997200000,0,0,0,0,0,0,0,0,0,0,0,0,0,0,0,0,0 0 0 0 0 0 0 0 0 0 ,0 0 0 0 0 0 0 0 0 0 ,0 0 0 0 0 0 0 0 0 0 ,0 0 0 0 0 0 0 0 0 0 0 0 0 0 0 0 0 0 0 0 0 0 0 0 0 0 0 0 0 0 0 0 0 0 0 0 0 0 0 0 0 0 0 0 0 0 0 0 0 0 ,0 0 0 0 0 0 0 0 0 0 ,0 0 0 0 0 0 0 0 0 0 ,0 0 0 0 0 0 0 0 0 0 ,0 0 0 0 0 0 0 0 0 0 0 0 0 0 0 0 0 0 0 0 0 0 0 0 0 0 0 0 0 0 0 0 0 0 0 0 0 0 0 0 0 0 0 0 0 0 0 0 0 0 ,0,0,0,0,0,0,0
20180102102627,6220056,6222926,6253021,6222926,6252967,0,,10246574000,990465762000000,0,0,0,0,0,0,0,0,0,0,0,0,0,0,0,0,0 0 0 0 0 0 0 0 0 0 ,0 0 0 0 0 0 0 0 0 0 ,0 0 0 0 0 0 0 0 0 0 ,0 0 0 0 0 0 0 0 0 0 0 0 0 0 0 0 0 0 0 0 0 0 0 0 0 0 0 0 0 0 0 0 0 0 0 0 0 0 0 0 0 0 0 0 0 0 0 0 0 0 ,0 0 0 0 0 0 0 0 0 0 ,0 0 0 0 0 0 0 0 0 0 ,0 0 0 0 0 0 0 0 0 0 ,0 0 0 0 0 0 0 0 0 0 0 0 0 0 0 0 0 0 0 0 0 0 0 0 0 0 0 0 0 0 0 0 0 0 0 0 0 0 0 0 0 0 0 0 0 0 0 0 0 0 ,0,0,0,0,0,0,0
20180102102632,6220056,6222926,6253021,6222926,6252855,0,,10249902000,991476025800000,0,0,0,0,0,0,0,0,0,0,0,0,0,0,0,0,0 0 0 0 0 0 0 0 0 0 ,0 0 0 0 0 0 0 0 0 0 ,0 0 0 0 0 0 0 0 0 0 ,0 0 0 0 0 0 0 0 0 0 0 0 0 0 0 0 0 0 0 0 0 0 0 0 0 0 0 0 0 0 0 0 0 0 0 0 0 0 0 0 0 0 0 0 0 0 0 0 0 0 ,0 0 0 0 0 0 0 0 0 0 ,0 0 0 0 0 0 0 0 0 0 ,0 0 0 0 0 0 0 0 0 0 ,0 0 0 0 0 0 0 0 0 0 0 0 0 0 0 0 0 0 0 0 0 0 0 0 0 0 0 0 0 0 0 0 0 0 0 0 0 0 0 0 0 0 0 0 0 0 0 0 0 0 ,0,0,0,0,0,0,0
20180102102637,6220056,6222926,6253021,6222926,6252799,0,,10253485000,991943757300000,0,0,0,0,0,0,0,0,0,0,0,0,0,0,0,0,0 0 0 0 0 0 0 0 0 0 ,0 0 0 0 0 0 0 0 0 0 ,0 0 0 0 0 0 0 0 0 0 ,0 0 0 0 0 0 0 0 0 0 0 0 0 0 0 0 0 0 0 0 0 0 0 0 0 0 0 0 0 0 0 0 0 0 0 0 0 0 0 0 0 0 0 0 0 0 0 0 0 0 ,0 0 0 0 0 0 0 0 0 0 ,0 0 0 0 0 0 0 0 0 0 ,0 0 0 0 0 0 0 0 0 0 ,0 0 0 0 0 0 0 0 0 0 0 0 0 0 0 0 0 0 0 0 0 0 0 0 0 0 0 0 0 0 0 0 0 0 0 0 0 0 0 0 0 0 0 0 0 0 0 0 0 0 ,0,0,0,0,0,0,0
20180102102642,6220056,6222926,6253021,6222926,6252774,0,,10257645000,992649296100000,0,0,0,0,0,0,0,0,0,0,0,0,0,0,0,0,0 0 0 0 0 0 0 0 0 0 ,0 0 0 0 0 0 0 0 0 0 ,0 0 0 0 0 0 0 0 0 0 ,0 0 0 0 0 0 0 0 0 0 0 0 0 0 0 0 0 0 0 0 0 0 0 0 0 0 0 0 0 0 0 0 0 0 0 0 0 0 0 0 0 0 0 0 0 0 0 0 0 0 ,0 0 0 0 0 0 0 0 0 0 ,0 0 0 0 0 0 0 0 0 0 ,0 0 0 0 0 0 0 0 0 0 ,0 0 0 0 0 0 0 0 0 0 0 0 0 0 0 0 0 0 0 0 0 0 0 0 0 0 0 0 0 0 0 0 0 0 0 0 0 0 0 0 0 0 0 0 0 0 0 0 0 0 ,0,0,0,0,0,0,0
20180102102647,6220056,6222926,6253021,6222926,6252532,0,,10261751000,992801456300000,0,0,0,0,0,0,0,0,0,0,0,0,0,0,0,0,0 0 0 0 0 0 0 0 0 0 ,0 0 0 0 0 0 0 0 0 0 ,0 0 0 0 0 0 0 0 0 0 ,0 0 0 0 0 0 0 0 0 0 0 0 0 0 0 0 0 0 0 0 0 0 0 0 0 0 0 0 0 0 0 0 0 0 0 0 0 0 0 0 0 0 0 0 0 0 0 0 0 0 ,0 0 0 0 0 0 0 0 0 0 ,0 0 0 0 0 0 0 0 0 0 ,0 0 0 0 0 0 0 0 0 0 ,0 0 0 0 0 0 0 0 0 0 0 0 0 0 0 0 0 0 0 0 0 0 0 0 0 0 0 0 0 0 0 0 0 0 0 0 0 0 0 0 0 0 0 0 0 0 0 0 0 0 ,0,0,0,0,0,0,0
20180102102652,6220056,6222926,6253021,6222926,6252628,0,,10264986000,994400978700000,0,0,0,0,0,0,0,0,0,0,0,0,0,0,0,0,0 0 0 0 0 0 0 0 0 0 ,0 0 0 0 0 0 0 0 0 0 ,0 0 0 0 0 0 0 0 0 0 ,0 0 0 0 0 0 0 0 0 0 0 0 0 0 0 0 0 0 0 0 0 0 0 0 0 0 0 0 0 0 0 0 0 0 0 0 0 0 0 0 0 0 0 0 0 0 0 0 0 0 ,0 0 0 0 0 0 0 0 0 0 ,0 0 0 0 0 0 0 0 0 0 ,0 0 0 0 0 0 0 0 0 0 ,0 0 0 0 0 0 0 0 0 0 0 0 0 0 0 0 0 0 0 0 0 0 0 0 0 0 0 0 0 0 0 0 0 0 0 0 0 0 0 0 0 0 0 0 0 0 0 0 0 0 ,0,0,0,0,0,0,0
20180102102657,6220056,6222926,6253021,6222926,6252673,0,,10267869000,996111043500000,0,0,0,0,0,0,0,0,0,0,0,0,0,0,0,0,0 0 0 0 0 0 0 0 0 0 ,0 0 0 0 0 0 0 0 0 0 ,0 0 0 0 0 0 0 0 0 0 ,0 0 0 0 0 0 0 0 0 0 0 0 0 0 0 0 0 0 0 0 0 0 0 0 0 0 0 0 0 0 0 0 0 0 0 0 0 0 0 0 0 0 0 0 0 0 0 0 0 0 ,0 0 0 0 0 0 0 0 0 0 ,0 0 0 0 0 0 0 0 0 0 ,0 0 0 0 0 0 0 0 0 0 ,0 0 0 0 0 0 0 0 0 0 0 0 0 0 0 0 0 0 0 0 0 0 0 0 0 0 0 0 0 0 0 0 0 0 0 0 0 0 0 0 0 0 0 0 0 0 0 0 0 0 ,0,0,0,0,0,0,0
20180102102702,6220056,6222926,6253021,6222926,6252800,0,,10269420000,996780527400000,0,0,0,0,0,0,0,0,0,0,0,0,0,0,0,0,0 0 0 0 0 0 0 0 0 0 ,0 0 0 0 0 0 0 0 0 0 ,0 0 0 0 0 0 0 0 0 0 ,0 0 0 0 0 0 0 0 0 0 0 0 0 0 0 0 0 0 0 0 0 0 0 0 0 0 0 0 0 0 0 0 0 0 0 0 0 0 0 0 0 0 0 0 0 0 0 0 0 0 ,0 0 0 0 0 0 0 0 0 0 ,0 0 0 0 0 0 0 0 0 0 ,0 0 0 0 0 0 0 0 0 0 ,0 0 0 0 0 0 0 0 0 0 0 0 0 0 0 0 0 0 0 0 0 0 0 0 0 0 0 0 0 0 0 0 0 0 0 0 0 0 0 0 0 0 0 0 0 0 0 0 0 0 ,0,0,0,0,0,0,0
20180102102707,6220056,6222926,6253171,6222926,6253171,0,,10272206000,998124350500000,0,0,0,0,0,0,0,0,0,0,0,0,0,0,0,0,0 0 0 0 0 0 0 0 0 0 ,0 0 0 0 0 0 0 0 0 0 ,0 0 0 0 0 0 0 0 0 0 ,0 0 0 0 0 0 0 0 0 0 0 0 0 0 0 0 0 0 0 0 0 0 0 0 0 0 0 0 0 0 0 0 0 0 0 0 0 0 0 0 0 0 0 0 0 0 0 0 0 0 ,0 0 0 0 0 0 0 0 0 0 ,0 0 0 0 0 0 0 0 0 0 ,0 0 0 0 0 0 0 0 0 0 ,0 0 0 0 0 0 0 0 0 0 0 0 0 0 0 0 0 0 0 0 0 0 0 0 0 0 0 0 0 0 0 0 0 0 0 0 0 0 0 0 0 0 0 0 0 0 0 0 0 0 ,0,0,0,0,0,0,0
20180102102712,6220056,6222926,6253171,6222926,6252989,0,,10274613000,998251717200000,0,0,0,0,0,0,0,0,0,0,0,0,0,0,0,0,0 0 0 0 0 0 0 0 0 0 ,0 0 0 0 0 0 0 0 0 0 ,0 0 0 0 0 0 0 0 0 0 ,0 0 0 0 0 0 0 0 0 0 0 0 0 0 0 0 0 0 0 0 0 0 0 0 0 0 0 0 0 0 0 0 0 0 0 0 0 0 0 0 0 0 0 0 0 0 0 0 0 0 ,0 0 0 0 0 0 0 0 0 0 ,0 0 0 0 0 0 0 0 0 0 ,0 0 0 0 0 0 0 0 0 0 ,0 0 0 0 0 0 0 0 0 0 0 0 0 0 0 0 0 0 0 0 0 0 0 0 0 0 0 0 0 0 0 0 0 0 0 0 0 0 0 0 0 0 0 0 0 0 0 0 0 0 ,0,0,0,0,0,0,0
20180102102717,6220056,6222926,6253171,6222926,6252907,0,,10285408000,998615048100000,0,0,0,0,0,0,0,0,0,0,0,0,0,0,0,0,0 0 0 0 0 0 0 0 0 0 ,0 0 0 0 0 0 0 0 0 0 ,0 0 0 0 0 0 0 0 0 0 ,0 0 0 0 0 0 0 0 0 0 0 0 0 0 0 0 0 0 0 0 0 0 0 0 0 0 0 0 0 0 0 0 0 0 0 0 0 0 0 0 0 0 0 0 0 0 0 0 0 0 ,0 0 0 0 0 0 0 0 0 0 ,0 0 0 0 0 0 0 0 0 0 ,0 0 0 0 0 0 0 0 0 0 ,0 0 0 0 0 0 0 0 0 0 0 0 0 0 0 0 0 0 0 0 0 0 0 0 0 0 0 0 0 0 0 0 0 0 0 0 0 0 0 0 0 0 0 0 0 0 0 0 0 0 ,0,0,0,0,0,0,0
20180102102722,6220056,6222926,6253171,6222926,6252900,0,,10293256000,998756036000000,0,0,0,0,0,0,0,0,0,0,0,0,0,0,0,0,0 0 0 0 0 0 0 0 0 0 ,0 0 0 0 0 0 0 0 0 0 ,0 0 0 0 0 0 0 0 0 0 ,0 0 0 0 0 0 0 0 0 0 0 0 0 0 0 0 0 0 0 0 0 0 0 0 0 0 0 0 0 0 0 0 0 0 0 0 0 0 0 0 0 0 0 0 0 0 0 0 0 0 ,0 0 0 0 0 0 0 0 0 0 ,0 0 0 0 0 0 0 0 0 0 ,0 0 0 0 0 0 0 0 0 0 ,0 0 0 0 0 0 0 0 0 0 0 0 0 0 0 0 0 0 0 0 0 0 0 0 0 0 0 0 0 0 0 0 0 0 0 0 0 0 0 0 0 0 0 0 0 0 0 0 0 0 ,0,0,0,0,0,0,0
20180102102727,6220056,6222926,6253171,6222926,6252975,0,,10294630000,999082649400000,0,0,0,0,0,0,0,0,0,0,0,0,0,0,0,0,0 0 0 0 0 0 0 0 0 0 ,0 0 0 0 0 0 0 0 0 0 ,0 0 0 0 0 0 0 0 0 0 ,0 0 0 0 0 0 0 0 0 0 0 0 0 0 0 0 0 0 0 0 0 0 0 0 0 0 0 0 0 0 0 0 0 0 0 0 0 0 0 0 0 0 0 0 0 0 0 0 0 0 ,0 0 0 0 0 0 0 0 0 0 ,0 0 0 0 0 0 0 0 0 0 ,0 0 0 0 0 0 0 0 0 0 ,0 0 0 0 0 0 0 0 0 0 0 0 0 0 0 0 0 0 0 0 0 0 0 0 0 0 0 0 0 0 0 0 0 0 0 0 0 0 0 0 0 0 0 0 0 0 0 0 0 0 ,0,0,0,0,0,0,0
20180102102732,6220056,6222926,6253212,6222926,6252934,0,,10297902000,999320881000000,0,0,0,0,0,0,0,0,0,0,0,0,0,0,0,0,0 0 0 0 0 0 0 0 0 0 ,0 0 0 0 0 0 0 0 0 0 ,0 0 0 0 0 0 0 0 0 0 ,0 0 0 0 0 0 0 0 0 0 0 0 0 0 0 0 0 0 0 0 0 0 0 0 0 0 0 0 0 0 0 0 0 0 0 0 0 0 0 0 0 0 0 0 0 0 0 0 0 0 ,0 0 0 0 0 0 0 0 0 0 ,0 0 0 0 0 0 0 0 0 0 ,0 0 0 0 0 0 0 0 0 0 ,0 0 0 0 0 0 0 0 0 0 0 0 0 0 0 0 0 0 0 0 0 0 0 0 0 0 0 0 0 0 0 0 0 0 0 0 0 0 0 0 0 0 0 0 0 0 0 0 0 0 ,0,0,0,0,0,0,0
20180102102737,6220056,6222926,6253212,6222926,6253039,0,,10342098000,1000417510700000,0,0,0,0,0,0,0,0,0,0,0,0,0,0,0,0,0 0 0 0 0 0 0 0 0 0 ,0 0 0 0 0 0 0 0 0 0 ,0 0 0 0 0 0 0 0 0 0 ,0 0 0 0 0 0 0 0 0 0 0 0 0 0 0 0 0 0 0 0 0 0 0 0 0 0 0 0 0 0 0 0 0 0 0 0 0 0 0 0 0 0 0 0 0 0 0 0 0 0 ,0 0 0 0 0 0 0 0 0 0 ,0 0 0 0 0 0 0 0 0 0 ,0 0 0 0 0 0 0 0 0 0 ,0 0 0 0 0 0 0 0 0 0 0 0 0 0 0 0 0 0 0 0 0 0 0 0 0 0 0 0 0 0 0 0 0 0 0 0 0 0 0 0 0 0 0 0 0 0 0 0 0 0 ,0,0,0,0,0,0,0
20180102102742,6220056,6222926,6253212,6222926,6253044,0,,10364049000,1001001820900000,0,0,0,0,0,0,0,0,0,0,0,0,0,0,0,0,0 0 0 0 0 0 0 0 0 0 ,0 0 0 0 0 0 0 0 0 0 ,0 0 0 0 0 0 0 0 0 0 ,0 0 0 0 0 0 0 0 0 0 0 0 0 0 0 0 0 0 0 0 0 0 0 0 0 0 0 0 0 0 0 0 0 0 0 0 0 0 0 0 0 0 0 0 0 0 0 0 0 0 ,0 0 0 0 0 0 0 0 0 0 ,0 0 0 0 0 0 0 0 0 0 ,0 0 0 0 0 0 0 0 0 0 ,0 0 0 0 0 0 0 0 0 0 0 0 0 0 0 0 0 0 0 0 0 0 0 0 0 0 0 0 0 0 0 0 0 0 0 0 0 0 0 0 0 0 0 0 0 0 0 0 0 0 ,0,0,0,0,0,0,0
20180102102747,6220056,6222926,6253212,6222926,6253029,0,,10413323000,1002098783700000,0,0,0,0,0,0,0,0,0,0,0,0,0,0,0,0,0 0 0 0 0 0 0 0 0 0 ,0 0 0 0 0 0 0 0 0 0 ,0 0 0 0 0 0 0 0 0 0 ,0 0 0 0 0 0 0 0 0 0 0 0 0 0 0 0 0 0 0 0 0 0 0 0 0 0 0 0 0 0 0 0 0 0 0 0 0 0 0 0 0 0 0 0 0 0 0 0 0 0 ,0 0 0 0 0 0 0 0 0 0 ,0 0 0 0 0 0 0 0 0 0 ,0 0 0 0 0 0 0 0 0 0 ,0 0 0 0 0 0 0 0 0 0 0 0 0 0 0 0 0 0 0 0 0 0 0 0 0 0 0 0 0 0 0 0 0 0 0 0 0 0 0 0 0 0 0 0 0 0 0 0 0 0 ,0,0,0,0,0,0,0
20180102102752,6220056,6222926,6253447,6222926,6253447,0,,10432177000,1003170233100000,0,0,0,0,0,0,0,0,0,0,0,0,0,0,0,0,0 0 0 0 0 0 0 0 0 0 ,0 0 0 0 0 0 0 0 0 0 ,0 0 0 0 0 0 0 0 0 0 ,0 0 0 0 0 0 0 0 0 0 0 0 0 0 0 0 0 0 0 0 0 0 0 0 0 0 0 0 0 0 0 0 0 0 0 0 0 0 0 0 0 0 0 0 0 0 0 0 0 0 ,0 0 0 0 0 0 0 0 0 0 ,0 0 0 0 0 0 0 0 0 0 ,0 0 0 0 0 0 0 0 0 0 ,0 0 0 0 0 0 0 0 0 0 0 0 0 0 0 0 0 0 0 0 0 0 0 0 0 0 0 0 0 0 0 0 0 0 0 0 0 0 0 0 0 0 0 0 0 0 0 0 0 0 ,0,0,0,0,0,0,0
20180102102757,6220056,6222926,6253447,6222926,6253160,0,,10445842000,1006886296800000,0,0,0,0,0,0,0,0,0,0,0,0,0,0,0,0,0 0 0 0 0 0 0 0 0 0 ,0 0 0 0 0 0 0 0 0 0 ,0 0 0 0 0 0 0 0 0 0 ,0 0 0 0 0 0 0 0 0 0 0 0 0 0 0 0 0 0 0 0 0 0 0 0 0 0 0 0 0 0 0 0 0 0 0 0 0 0 0 0 0 0 0 0 0 0 0 0 0 0 ,0 0 0 0 0 0 0 0 0 0 ,0 0 0 0 0 0 0 0 0 0 ,0 0 0 0 0 0 0 0 0 0 ,0 0 0 0 0 0 0 0 0 0 0 0 0 0 0 0 0 0 0 0 0 0 0 0 0 0 0 0 0 0 0 0 0 0 0 0 0 0 0 0 0 0 0 0 0 0 0 0 0 0 ,0,0,0,0,0,0,0
20180102102802,6220056,6222926,6253598,6222926,6253596,0,,10457794000,1009529446400000,0,0,0,0,0,0,0,0,0,0,0,0,0,0,0,0,0 0 0 0 0 0 0 0 0 0 ,0 0 0 0 0 0 0 0 0 0 ,0 0 0 0 0 0 0 0 0 0 ,0 0 0 0 0 0 0 0 0 0 0 0 0 0 0 0 0 0 0 0 0 0 0 0 0 0 0 0 0 0 0 0 0 0 0 0 0 0 0 0 0 0 0 0 0 0 0 0 0 0 ,0 0 0 0 0 0 0 0 0 0 ,0 0 0 0 0 0 0 0 0 0 ,0 0 0 0 0 0 0 0 0 0 ,0 0 0 0 0 0 0 0 0 0 0 0 0 0 0 0 0 0 0 0 0 0 0 0 0 0 0 0 0 0 0 0 0 0 0 0 0 0 0 0 0 0 0 0 0 0 0 0 0 0 ,0,0,0,0,0,0,0
20180102102807,6220056,6222926,6253628,6222926,6253616,0,,10459307000,1009752720600000,0,0,0,0,0,0,0,0,0,0,0,0,0,0,0,0,0 0 0 0 0 0 0 0 0 0 ,0 0 0 0 0 0 0 0 0 0 ,0 0 0 0 0 0 0 0 0 0 ,0 0 0 0 0 0 0 0 0 0 0 0 0 0 0 0 0 0 0 0 0 0 0 0 0 0 0 0 0 0 0 0 0 0 0 0 0 0 0 0 0 0 0 0 0 0 0 0 0 0 ,0 0 0 0 0 0 0 0 0 0 ,0 0 0 0 0 0 0 0 0 0 ,0 0 0 0 0 0 0 0 0 0 ,0 0 0 0 0 0 0 0 0 0 0 0 0 0 0 0 0 0 0 0 0 0 0 0 0 0 0 0 0 0 0 0 0 0 0 0 0 0 0 0 0 0 0 0 0 0 0 0 0 0 ,0,0,0,0,0,0,0
20180102102812,6220056,6222926,6253628,6222926,6253620,0,,10474488000,1010333567400000,0,0,0,0,0,0,0,0,0,0,0,0,0,0,0,0,0 0 0 0 0 0 0 0 0 0 ,0 0 0 0 0 0 0 0 0 0 ,0 0 0 0 0 0 0 0 0 0 ,0 0 0 0 0 0 0 0 0 0 0 0 0 0 0 0 0 0 0 0 0 0 0 0 0 0 0 0 0 0 0 0 0 0 0 0 0 0 0 0 0 0 0 0 0 0 0 0 0 0 ,0 0 0 0 0 0 0 0 0 0 ,0 0 0 0 0 0 0 0 0 0 ,0 0 0 0 0 0 0 0 0 0 ,0 0 0 0 0 0 0 0 0 0 0 0 0 0 0 0 0 0 0 0 0 0 0 0 0 0 0 0 0 0 0 0 0 0 0 0 0 0 0 0 0 0 0 0 0 0 0 0 0 0 ,0,0,0,0,0,0,0
20180102102817,6220056,6222926,6253628,6222926,6253619,0,,10485199000,1010596254300000,0,0,0,0,0,0,0,0,0,0,0,0,0,0,0,0,0 0 0 0 0 0 0 0 0 0 ,0 0 0 0 0 0 0 0 0 0 ,0 0 0 0 0 0 0 0 0 0 ,0 0 0 0 0 0 0 0 0 0 0 0 0 0 0 0 0 0 0 0 0 0 0 0 0 0 0 0 0 0 0 0 0 0 0 0 0 0 0 0 0 0 0 0 0 0 0 0 0 0 ,0 0 0 0 0 0 0 0 0 0 ,0 0 0 0 0 0 0 0 0 0 ,0 0 0 0 0 0 0 0 0 0 ,0 0 0 0 0 0 0 0 0 0 0 0 0 0 0 0 0 0 0 0 0 0 0 0 0 0 0 0 0 0 0 0 0 0 0 0 0 0 0 0 0 0 0 0 0 0 0 0 0 0 ,0,0,0,0,0,0,0
20180102102822,6220056,6222926,6253766,6222926,6253699,0,,10498009000,1010857027100000,0,0,0,0,0,0,0,0,0,0,0,0,0,0,0,0,0 0 0 0 0 0 0 0 0 0 ,0 0 0 0 0 0 0 0 0 0 ,0 0 0 0 0 0 0 0 0 0 ,0 0 0 0 0 0 0 0 0 0 0 0 0 0 0 0 0 0 0 0 0 0 0 0 0 0 0 0 0 0 0 0 0 0 0 0 0 0 0 0 0 0 0 0 0 0 0 0 0 0 ,0 0 0 0 0 0 0 0 0 0 ,0 0 0 0 0 0 0 0 0 0 ,0 0 0 0 0 0 0 0 0 0 ,0 0 0 0 0 0 0 0 0 0 0 0 0 0 0 0 0 0 0 0 0 0 0 0 0 0 0 0 0 0 0 0 0 0 0 0 0 0 0 0 0 0 0 0 0 0 0 0 0 0 ,0,0,0,0,0,0,0
20180102102827,6220056,6222926,6253836,6222926,6253836,0,,10514882000,1011555901100000,0,0,0,0,0,0,0,0,0,0,0,0,0,0,0,0,0 0 0 0 0 0 0 0 0 0 ,0 0 0 0 0 0 0 0 0 0 ,0 0 0 0 0 0 0 0 0 0 ,0 0 0 0 0 0 0 0 0 0 0 0 0 0 0 0 0 0 0 0 0 0 0 0 0 0 0 0 0 0 0 0 0 0 0 0 0 0 0 0 0 0 0 0 0 0 0 0 0 0 ,0 0 0 0 0 0 0 0 0 0 ,0 0 0 0 0 0 0 0 0 0 ,0 0 0 0 0 0 0 0 0 0 ,0 0 0 0 0 0 0 0 0 0 0 0 0 0 0 0 0 0 0 0 0 0 0 0 0 0 0 0 0 0 0 0 0 0 0 0 0 0 0 0 0 0 0 0 0 0 0 0 0 0 ,0,0,0,0,0,0,0
20180102102832,6220056,6222926,6253836,6222926,6253829,0,,10519794000,1011839648200000,0,0,0,0,0,0,0,0,0,0,0,0,0,0,0,0,0 0 0 0 0 0 0 0 0 0 ,0 0 0 0 0 0 0 0 0 0 ,0 0 0 0 0 0 0 0 0 0 ,0 0 0 0 0 0 0 0 0 0 0 0 0 0 0 0 0 0 0 0 0 0 0 0 0 0 0 0 0 0 0 0 0 0 0 0 0 0 0 0 0 0 0 0 0 0 0 0 0 0 ,0 0 0 0 0 0 0 0 0 0 ,0 0 0 0 0 0 0 0 0 0 ,0 0 0 0 0 0 0 0 0 0 ,0 0 0 0 0 0 0 0 0 0 0 0 0 0 0 0 0 0 0 0 0 0 0 0 0 0 0 0 0 0 0 0 0 0 0 0 0 0 0 0 0 0 0 0 0 0 0 0 0 0 ,0,0,0,0,0,0,0
20180102102837,6220056,6222926,6253836,6222926,6253621,0,,10533463000,1012405187500000,0,0,0,0,0,0,0,0,0,0,0,0,0,0,0,0,0 0 0 0 0 0 0 0 0 0 ,0 0 0 0 0 0 0 0 0 0 ,0 0 0 0 0 0 0 0 0 0 ,0 0 0 0 0 0 0 0 0 0 0 0 0 0 0 0 0 0 0 0 0 0 0 0 0 0 0 0 0 0 0 0 0 0 0 0 0 0 0 0 0 0 0 0 0 0 0 0 0 0 ,0 0 0 0 0 0 0 0 0 0 ,0 0 0 0 0 0 0 0 0 0 ,0 0 0 0 0 0 0 0 0 0 ,0 0 0 0 0 0 0 0 0 0 0 0 0 0 0 0 0 0 0 0 0 0 0 0 0 0 0 0 0 0 0 0 0 0 0 0 0 0 0 0 0 0 0 0 0 0 0 0 0 0 ,0,0,0,0,0,0,0
20180102102842,6220056,6222926,6253836,6222926,6253735,0,,10548850000,1012993448200000,0,0,0,0,0,0,0,0,0,0,0,0,0,0,0,0,0 0 0 0 0 0 0 0 0 0 ,0 0 0 0 0 0 0 0 0 0 ,0 0 0 0 0 0 0 0 0 0 ,0 0 0 0 0 0 0 0 0 0 0 0 0 0 0 0 0 0 0 0 0 0 0 0 0 0 0 0 0 0 0 0 0 0 0 0 0 0 0 0 0 0 0 0 0 0 0 0 0 0 ,0 0 0 0 0 0 0 0 0 0 ,0 0 0 0 0 0 0 0 0 0 ,0 0 0 0 0 0 0 0 0 0 ,0 0 0 0 0 0 0 0 0 0 0 0 0 0 0 0 0 0 0 0 0 0 0 0 0 0 0 0 0 0 0 0 0 0 0 0 0 0 0 0 0 0 0 0 0 0 0 0 0 0 ,0,0,0,0,0,0,0
20180102102847,6220056,6222926,6253836,6222926,6253796,0,,10551193000,1013067490200000,0,0,0,0,0,0,0,0,0,0,0,0,0,0,0,0,0 0 0 0 0 0 0 0 0 0 ,0 0 0 0 0 0 0 0 0 0 ,0 0 0 0 0 0 0 0 0 0 ,0 0 0 0 0 0 0 0 0 0 0 0 0 0 0 0 0 0 0 0 0 0 0 0 0 0 0 0 0 0 0 0 0 0 0 0 0 0 0 0 0 0 0 0 0 0 0 0 0 0 ,0 0 0 0 0 0 0 0 0 0 ,0 0 0 0 0 0 0 0 0 0 ,0 0 0 0 0 0 0 0 0 0 ,0 0 0 0 0 0 0 0 0 0 0 0 0 0 0 0 0 0 0 0 0 0 0 0 0 0 0 0 0 0 0 0 0 0 0 0 0 0 0 0 0 0 0 0 0 0 0 0 0 0 ,0,0,0,0,0,0,0
20180102102852,6220056,6222926,6253836,6222926,6253465,0,,10573218000,1013883601000000,0,0,0,0,0,0,0,0,0,0,0,0,0,0,0,0,0 0 0 0 0 0 0 0 0 0 ,0 0 0 0 0 0 0 0 0 0 ,0 0 0 0 0 0 0 0 0 0 ,0 0 0 0 0 0 0 0 0 0 0 0 0 0 0 0 0 0 0 0 0 0 0 0 0 0 0 0 0 0 0 0 0 0 0 0 0 0 0 0 0 0 0 0 0 0 0 0 0 0 ,0 0 0 0 0 0 0 0 0 0 ,0 0 0 0 0 0 0 0 0 0 ,0 0 0 0 0 0 0 0 0 0 ,0 0 0 0 0 0 0 0 0 0 0 0 0 0 0 0 0 0 0 0 0 0 0 0 0 0 0 0 0 0 0 0 0 0 0 0 0 0 0 0 0 0 0 0 0 0 0 0 0 0 ,0,0,0,0,0,0,0
20180102102857,6220056,6222926,6254155,6222926,6254155,0,,10585527000,1014820888200000,0,0,0,0,0,0,0,0,0,0,0,0,0,0,0,0,0 0 0 0 0 0 0 0 0 0 ,0 0 0 0 0 0 0 0 0 0 ,0 0 0 0 0 0 0 0 0 0 ,0 0 0 0 0 0 0 0 0 0 0 0 0 0 0 0 0 0 0 0 0 0 0 0 0 0 0 0 0 0 0 0 0 0 0 0 0 0 0 0 0 0 0 0 0 0 0 0 0 0 ,0 0 0 0 0 0 0 0 0 0 ,0 0 0 0 0 0 0 0 0 0 ,0 0 0 0 0 0 0 0 0 0 ,0 0 0 0 0 0 0 0 0 0 0 0 0 0 0 0 0 0 0 0 0 0 0 0 0 0 0 0 0 0 0 0 0 0 0 0 0 0 0 0 0 0 0 0 0 0 0 0 0 0 ,0,0,0,0,0,0,0
20180102102902,6220056,6222926,6254155,6222926,6254136,0,,10608739000,1015985011900000,0,0,0,0,0,0,0,0,0,0,0,0,0,0,0,0,0 0 0 0 0 0 0 0 0 0 ,0 0 0 0 0 0 0 0 0 0 ,0 0 0 0 0 0 0 0 0 0 ,0 0 0 0 0 0 0 0 0 0 0 0 0 0 0 0 0 0 0 0 0 0 0 0 0 0 0 0 0 0 0 0 0 0 0 0 0 0 0 0 0 0 0 0 0 0 0 0 0 0 ,0 0 0 0 0 0 0 0 0 0 ,0 0 0 0 0 0 0 0 0 0 ,0 0 0 0 0 0 0 0 0 0 ,0 0 0 0 0 0 0 0 0 0 0 0 0 0 0 0 0 0 0 0 0 0 0 0 0 0 0 0 0 0 0 0 0 0 0 0 0 0 0 0 0 0 0 0 0 0 0 0 0 0 ,0,0,0,0,0,0,0
20180102102907,6220056,6222926,6254489,6222926,6254489,0,,10622832000,1016558547900000,0,0,0,0,0,0,0,0,0,0,0,0,0,0,0,0,0 0 0 0 0 0 0 0 0 0 ,0 0 0 0 0 0 0 0 0 0 ,0 0 0 0 0 0 0 0 0 0 ,0 0 0 0 0 0 0 0 0 0 0 0 0 0 0 0 0 0 0 0 0 0 0 0 0 0 0 0 0 0 0 0 0 0 0 0 0 0 0 0 0 0 0 0 0 0 0 0 0 0 ,0 0 0 0 0 0 0 0 0 0 ,0 0 0 0 0 0 0 0 0 0 ,0 0 0 0 0 0 0 0 0 0 ,0 0 0 0 0 0 0 0 0 0 0 0 0 0 0 0 0 0 0 0 0 0 0 0 0 0 0 0 0 0 0 0 0 0 0 0 0 0 0 0 0 0 0 0 0 0 0 0 0 0 ,0,0,0,0,0,0,0
20180102102912,6220056,6222926,6254544,6222926,6254083,0,,10626895000,1017764004500000,0,0,0,0,0,0,0,0,0,0,0,0,0,0,0,0,0 0 0 0 0 0 0 0 0 0 ,0 0 0 0 0 0 0 0 0 0 ,0 0 0 0 0 0 0 0 0 0 ,0 0 0 0 0 0 0 0 0 0 0 0 0 0 0 0 0 0 0 0 0 0 0 0 0 0 0 0 0 0 0 0 0 0 0 0 0 0 0 0 0 0 0 0 0 0 0 0 0 0 ,0 0 0 0 0 0 0 0 0 0 ,0 0 0 0 0 0 0 0 0 0 ,0 0 0 0 0 0 0 0 0 0 ,0 0 0 0 0 0 0 0 0 0 0 0 0 0 0 0 0 0 0 0 0 0 0 0 0 0 0 0 0 0 0 0 0 0 0 0 0 0 0 0 0 0 0 0 0 0 0 0 0 0 ,0,0,0,0,0,0,0
20180102102917,6220056,6222926,6254544,6222926,6254327,0,,10630318000,1017997720400000,0,0,0,0,0,0,0,0,0,0,0,0,0,0,0,0,0 0 0 0 0 0 0 0 0 0 ,0 0 0 0 0 0 0 0 0 0 ,0 0 0 0 0 0 0 0 0 0 ,0 0 0 0 0 0 0 0 0 0 0 0 0 0 0 0 0 0 0 0 0 0 0 0 0 0 0 0 0 0 0 0 0 0 0 0 0 0 0 0 0 0 0 0 0 0 0 0 0 0 ,0 0 0 0 0 0 0 0 0 0 ,0 0 0 0 0 0 0 0 0 0 ,0 0 0 0 0 0 0 0 0 0 ,0 0 0 0 0 0 0 0 0 0 0 0 0 0 0 0 0 0 0 0 0 0 0 0 0 0 0 0 0 0 0 0 0 0 0 0 0 0 0 0 0 0 0 0 0 0 0 0 0 0 ,0,0,0,0,0,0,0
20180102102922,6220056,6222926,6254544,6222926,6254325,0,,10641794000,1021246640000000,0,0,0,0,0,0,0,0,0,0,0,0,0,0,0,0,0 0 0 0 0 0 0 0 0 0 ,0 0 0 0 0 0 0 0 0 0 ,0 0 0 0 0 0 0 0 0 0 ,0 0 0 0 0 0 0 0 0 0 0 0 0 0 0 0 0 0 0 0 0 0 0 0 0 0 0 0 0 0 0 0 0 0 0 0 0 0 0 0 0 0 0 0 0 0 0 0 0 0 ,0 0 0 0 0 0 0 0 0 0 ,0 0 0 0 0 0 0 0 0 0 ,0 0 0 0 0 0 0 0 0 0 ,0 0 0 0 0 0 0 0 0 0 0 0 0 0 0 0 0 0 0 0 0 0 0 0 0 0 0 0 0 0 0 0 0 0 0 0 0 0 0 0 0 0 0 0 0 0 0 0 0 0 ,0,0,0,0,0,0,0
20180102102927,6220056,6222926,6254544,6222926,6254180,0,,10644431000,1021887790900000,0,0,0,0,0,0,0,0,0,0,0,0,0,0,0,0,0 0 0 0 0 0 0 0 0 0 ,0 0 0 0 0 0 0 0 0 0 ,0 0 0 0 0 0 0 0 0 0 ,0 0 0 0 0 0 0 0 0 0 0 0 0 0 0 0 0 0 0 0 0 0 0 0 0 0 0 0 0 0 0 0 0 0 0 0 0 0 0 0 0 0 0 0 0 0 0 0 0 0 ,0 0 0 0 0 0 0 0 0 0 ,0 0 0 0 0 0 0 0 0 0 ,0 0 0 0 0 0 0 0 0 0 ,0 0 0 0 0 0 0 0 0 0 0 0 0 0 0 0 0 0 0 0 0 0 0 0 0 0 0 0 0 0 0 0 0 0 0 0 0 0 0 0 0 0 0 0 0 0 0 0 0 0 ,0,0,0,0,0,0,0
20180102102932,6220056,6222926,6254544,6222926,6254231,0,,10648079000,1022182042300000,0,0,0,0,0,0,0,0,0,0,0,0,0,0,0,0,0 0 0 0 0 0 0 0 0 0 ,0 0 0 0 0 0 0 0 0 0 ,0 0 0 0 0 0 0 0 0 0 ,0 0 0 0 0 0 0 0 0 0 0 0 0 0 0 0 0 0 0 0 0 0 0 0 0 0 0 0 0 0 0 0 0 0 0 0 0 0 0 0 0 0 0 0 0 0 0 0 0 0 ,0 0 0 0 0 0 0 0 0 0 ,0 0 0 0 0 0 0 0 0 0 ,0 0 0 0 0 0 0 0 0 0 ,0 0 0 0 0 0 0 0 0 0 0 0 0 0 0 0 0 0 0 0 0 0 0 0 0 0 0 0 0 0 0 0 0 0 0 0 0 0 0 0 0 0 0 0 0 0 0 0 0 0 ,0,0,0,0,0,0,0
20180102102937,6220056,6222926,6254544,6222926,6254185,0,,10692339000,1023316921900000,0,0,0,0,0,0,0,0,0,0,0,0,0,0,0,0,0 0 0 0 0 0 0 0 0 0 ,0 0 0 0 0 0 0 0 0 0 ,0 0 0 0 0 0 0 0 0 0 ,0 0 0 0 0 0 0 0 0 0 0 0 0 0 0 0 0 0 0 0 0 0 0 0 0 0 0 0 0 0 0 0 0 0 0 0 0 0 0 0 0 0 0 0 0 0 0 0 0 0 ,0 0 0 0 0 0 0 0 0 0 ,0 0 0 0 0 0 0 0 0 0 ,0 0 0 0 0 0 0 0 0 0 ,0 0 0 0 0 0 0 0 0 0 0 0 0 0 0 0 0 0 0 0 0 0 0 0 0 0 0 0 0 0 0 0 0 0 0 0 0 0 0 0 0 0 0 0 0 0 0 0 0 0 ,0,0,0,0,0,0,0
20180102102942,6220056,6222926,6254544,6222926,6254239,0,,10693486000,1023521939600000,0,0,0,0,0,0,0,0,0,0,0,0,0,0,0,0,0 0 0 0 0 0 0 0 0 0 ,0 0 0 0 0 0 0 0 0 0 ,0 0 0 0 0 0 0 0 0 0 ,0 0 0 0 0 0 0 0 0 0 0 0 0 0 0 0 0 0 0 0 0 0 0 0 0 0 0 0 0 0 0 0 0 0 0 0 0 0 0 0 0 0 0 0 0 0 0 0 0 0 ,0 0 0 0 0 0 0 0 0 0 ,0 0 0 0 0 0 0 0 0 0 ,0 0 0 0 0 0 0 0 0 0 ,0 0 0 0 0 0 0 0 0 0 0 0 0 0 0 0 0 0 0 0 0 0 0 0 0 0 0 0 0 0 0 0 0 0 0 0 0 0 0 0 0 0 0 0 0 0 0 0 0 0 ,0,0,0,0,0,0,0
20180102102947,6220056,6222926,6254544,6222926,6254250,0,,10696884000,1023841753100000,0,0,0,0,0,0,0,0,0,0,0,0,0,0,0,0,0 0 0 0 0 0 0 0 0 0 ,0 0 0 0 0 0 0 0 0 0 ,0 0 0 0 0 0 0 0 0 0 ,0 0 0 0 0 0 0 0 0 0 0 0 0 0 0 0 0 0 0 0 0 0 0 0 0 0 0 0 0 0 0 0 0 0 0 0 0 0 0 0 0 0 0 0 0 0 0 0 0 0 ,0 0 0 0 0 0 0 0 0 0 ,0 0 0 0 0 0 0 0 0 0 ,0 0 0 0 0 0 0 0 0 0 ,0 0 0 0 0 0 0 0 0 0 0 0 0 0 0 0 0 0 0 0 0 0 0 0 0 0 0 0 0 0 0 0 0 0 0 0 0 0 0 0 0 0 0 0 0 0 0 0 0 0 ,0,0,0,0,0,0,0
20180102102952,6220056,6222926,6254595,6222926,6254341,0,,10788921000,1025197075900000,0,0,0,0,0,0,0,0,0,0,0,0,0,0,0,0,0 0 0 0 0 0 0 0 0 0 ,0 0 0 0 0 0 0 0 0 0 ,0 0 0 0 0 0 0 0 0 0 ,0 0 0 0 0 0 0 0 0 0 0 0 0 0 0 0 0 0 0 0 0 0 0 0 0 0 0 0 0 0 0 0 0 0 0 0 0 0 0 0 0 0 0 0 0 0 0 0 0 0 ,0 0 0 0 0 0 0 0 0 0 ,0 0 0 0 0 0 0 0 0 0 ,0 0 0 0 0 0 0 0 0 0 ,0 0 0 0 0 0 0 0 0 0 0 0 0 0 0 0 0 0 0 0 0 0 0 0 0 0 0 0 0 0 0 0 0 0 0 0 0 0 0 0 0 0 0 0 0 0 0 0 0 0 ,0,0,0,0,0,0,0
20180102102957,6220056,6222926,6254707,6222926,6254707,0,,10800813000,1026507794200000,0,0,0,0,0,0,0,0,0,0,0,0,0,0,0,0,0 0 0 0 0 0 0 0 0 0 ,0 0 0 0 0 0 0 0 0 0 ,0 0 0 0 0 0 0 0 0 0 ,0 0 0 0 0 0 0 0 0 0 0 0 0 0 0 0 0 0 0 0 0 0 0 0 0 0 0 0 0 0 0 0 0 0 0 0 0 0 0 0 0 0 0 0 0 0 0 0 0 0 ,0 0 0 0 0 0 0 0 0 0 ,0 0 0 0 0 0 0 0 0 0 ,0 0 0 0 0 0 0 0 0 0 ,0 0 0 0 0 0 0 0 0 0 0 0 0 0 0 0 0 0 0 0 0 0 0 0 0 0 0 0 0 0 0 0 0 0 0 0 0 0 0 0 0 0 0 0 0 0 0 0 0 0 ,0,0,0,0,0,0,0
20180102103002,6220056,6222926,6254707,6222926,6254428,0,,10840590000,1027405517700000,0,0,0,0,0,0,0,0,0,0,0,0,0,0,0,0,0 0 0 0 0 0 0 0 0 0 ,0 0 0 0 0 0 0 0 0 0 ,0 0 0 0 0 0 0 0 0 0 ,0 0 0 0 0 0 0 0 0 0 0 0 0 0 0 0 0 0 0 0 0 0 0 0 0 0 0 0 0 0 0 0 0 0 0 0 0 0 0 0 0 0 0 0 0 0 0 0 0 0 ,0 0 0 0 0 0 0 0 0 0 ,0 0 0 0 0 0 0 0 0 0 ,0 0 0 0 0 0 0 0 0 0 ,0 0 0 0 0 0 0 0 0 0 0 0 0 0 0 0 0 0 0 0 0 0 0 0 0 0 0 0 0 0 0 0 0 0 0 0 0 0 0 0 0 0 0 0 0 0 0 0 0 0 ,0,0,0,0,0,0,0
20180102103007,6220056,6222926,6254809,6222926,6254809,0,,10872435000,1028287346900000,0,0,0,0,0,0,0,0,0,0,0,0,0,0,0,0,0 0 0 0 0 0 0 0 0 0 ,0 0 0 0 0 0 0 0 0 0 ,0 0 0 0 0 0 0 0 0 0 ,0 0 0 0 0 0 0 0 0 0 0 0 0 0 0 0 0 0 0 0 0 0 0 0 0 0 0 0 0 0 0 0 0 0 0 0 0 0 0 0 0 0 0 0 0 0 0 0 0 0 ,0 0 0 0 0 0 0 0 0 0 ,0 0 0 0 0 0 0 0 0 0 ,0 0 0 0 0 0 0 0 0 0 ,0 0 0 0 0 0 0 0 0 0 0 0 0 0 0 0 0 0 0 0 0 0 0 0 0 0 0 0 0 0 0 0 0 0 0 0 0 0 0 0 0 0 0 0 0 0 0 0 0 0 ,0,0,0,0,0,0,0
20180102103012,6220056,6222926,6255211,6222926,6255018,0,,10905984000,1029078781600000,0,0,0,0,0,0,0,0,0,0,0,0,0,0,0,0,0 0 0 0 0 0 0 0 0 0 ,0 0 0 0 0 0 0 0 0 0 ,0 0 0 0 0 0 0 0 0 0 ,0 0 0 0 0 0 0 0 0 0 0 0 0 0 0 0 0 0 0 0 0 0 0 0 0 0 0 0 0 0 0 0 0 0 0 0 0 0 0 0 0 0 0 0 0 0 0 0 0 0 ,0 0 0 0 0 0 0 0 0 0 ,0 0 0 0 0 0 0 0 0 0 ,0 0 0 0 0 0 0 0 0 0 ,0 0 0 0 0 0 0 0 0 0 0 0 0 0 0 0 0 0 0 0 0 0 0 0 0 0 0 0 0 0 0 0 0 0 0 0 0 0 0 0 0 0 0 0 0 0 0 0 0 0 ,0,0,0,0,0,0,0
20180102103017,6220056,6222926,6255211,6222926,6255091,0,,10919606000,1029564858300000,0,0,0,0,0,0,0,0,0,0,0,0,0,0,0,0,0 0 0 0 0 0 0 0 0 0 ,0 0 0 0 0 0 0 0 0 0 ,0 0 0 0 0 0 0 0 0 0 ,0 0 0 0 0 0 0 0 0 0 0 0 0 0 0 0 0 0 0 0 0 0 0 0 0 0 0 0 0 0 0 0 0 0 0 0 0 0 0 0 0 0 0 0 0 0 0 0 0 0 ,0 0 0 0 0 0 0 0 0 0 ,0 0 0 0 0 0 0 0 0 0 ,0 0 0 0 0 0 0 0 0 0 ,0 0 0 0 0 0 0 0 0 0 0 0 0 0 0 0 0 0 0 0 0 0 0 0 0 0 0 0 0 0 0 0 0 0 0 0 0 0 0 0 0 0 0 0 0 0 0 0 0 0 ,0,0,0,0,0,0,0
20180102103022,6220056,6222926,6255211,6222926,6255202,0,,10938425000,1030674689000000,0,0,0,0,0,0,0,0,0,0,0,0,0,0,0,0,0 0 0 0 0 0 0 0 0 0 ,0 0 0 0 0 0 0 0 0 0 ,0 0 0 0 0 0 0 0 0 0 ,0 0 0 0 0 0 0 0 0 0 0 0 0 0 0 0 0 0 0 0 0 0 0 0 0 0 0 0 0 0 0 0 0 0 0 0 0 0 0 0 0 0 0 0 0 0 0 0 0 0 ,0 0 0 0 0 0 0 0 0 0 ,0 0 0 0 0 0 0 0 0 0 ,0 0 0 0 0 0 0 0 0 0 ,0 0 0 0 0 0 0 0 0 0 0 0 0 0 0 0 0 0 0 0 0 0 0 0 0 0 0 0 0 0 0 0 0 0 0 0 0 0 0 0 0 0 0 0 0 0 0 0 0 0 ,0,0,0,0,0,0,0
20180102103027,6220056,6222926,6255293,6222926,6255293,0,,10939634000,1030917065300000,0,0,0,0,0,0,0,0,0,0,0,0,0,0,0,0,0 0 0 0 0 0 0 0 0 0 ,0 0 0 0 0 0 0 0 0 0 ,0 0 0 0 0 0 0 0 0 0 ,0 0 0 0 0 0 0 0 0 0 0 0 0 0 0 0 0 0 0 0 0 0 0 0 0 0 0 0 0 0 0 0 0 0 0 0 0 0 0 0 0 0 0 0 0 0 0 0 0 0 ,0 0 0 0 0 0 0 0 0 0 ,0 0 0 0 0 0 0 0 0 0 ,0 0 0 0 0 0 0 0 0 0 ,0 0 0 0 0 0 0 0 0 0 0 0 0 0 0 0 0 0 0 0 0 0 0 0 0 0 0 0 0 0 0 0 0 0 0 0 0 0 0 0 0 0 0 0 0 0 0 0 0 0 ,0,0,0,0,0,0,0
20180102103032,6220056,6222926,6255318,6222926,6255318,0,,10947087000,1031219155100000,0,0,0,0,0,0,0,0,0,0,0,0,0,0,0,0,0 0 0 0 0 0 0 0 0 0 ,0 0 0 0 0 0 0 0 0 0 ,0 0 0 0 0 0 0 0 0 0 ,0 0 0 0 0 0 0 0 0 0 0 0 0 0 0 0 0 0 0 0 0 0 0 0 0 0 0 0 0 0 0 0 0 0 0 0 0 0 0 0 0 0 0 0 0 0 0 0 0 0 ,0 0 0 0 0 0 0 0 0 0 ,0 0 0 0 0 0 0 0 0 0 ,0 0 0 0 0 0 0 0 0 0 ,0 0 0 0 0 0 0 0 0 0 0 0 0 0 0 0 0 0 0 0 0 0 0 0 0 0 0 0 0 0 0 0 0 0 0 0 0 0 0 0 0 0 0 0 0 0 0 0 0 0 ,0,0,0,0,0,0,0
20180102103037,6220056,6222926,6255372,6222926,6255233,0,,10950389000,1031888455000000,0,0,0,0,0,0,0,0,0,0,0,0,0,0,0,0,0 0 0 0 0 0 0 0 0 0 ,0 0 0 0 0 0 0 0 0 0 ,0 0 0 0 0 0 0 0 0 0 ,0 0 0 0 0 0 0 0 0 0 0 0 0 0 0 0 0 0 0 0 0 0 0 0 0 0 0 0 0 0 0 0 0 0 0 0 0 0 0 0 0 0 0 0 0 0 0 0 0 0 ,0 0 0 0 0 0 0 0 0 0 ,0 0 0 0 0 0 0 0 0 0 ,0 0 0 0 0 0 0 0 0 0 ,0 0 0 0 0 0 0 0 0 0 0 0 0 0 0 0 0 0 0 0 0 0 0 0 0 0 0 0 0 0 0 0 0 0 0 0 0 0 0 0 0 0 0 0 0 0 0 0 0 0 ,0,0,0,0,0,0,0
20180102103042,6220056,6222926,6255372,6222926,6255111,0,,10958841000,1032398901500000,0,0,0,0,0,0,0,0,0,0,0,0,0,0,0,0,0 0 0 0 0 0 0 0 0 0 ,0 0 0 0 0 0 0 0 0 0 ,0 0 0 0 0 0 0 0 0 0 ,0 0 0 0 0 0 0 0 0 0 0 0 0 0 0 0 0 0 0 0 0 0 0 0 0 0 0 0 0 0 0 0 0 0 0 0 0 0 0 0 0 0 0 0 0 0 0 0 0 0 ,0 0 0 0 0 0 0 0 0 0 ,0 0 0 0 0 0 0 0 0 0 ,0 0 0 0 0 0 0 0 0 0 ,0 0 0 0 0 0 0 0 0 0 0 0 0 0 0 0 0 0 0 0 0 0 0 0 0 0 0 0 0 0 0 0 0 0 0 0 0 0 0 0 0 0 0 0 0 0 0 0 0 0 ,0,0,0,0,0,0,0
20180102103047,6220056,6222926,6255372,6222926,6255213,0,,10963720000,1032904399800000,0,0,0,0,0,0,0,0,0,0,0,0,0,0,0,0,0 0 0 0 0 0 0 0 0 0 ,0 0 0 0 0 0 0 0 0 0 ,0 0 0 0 0 0 0 0 0 0 ,0 0 0 0 0 0 0 0 0 0 0 0 0 0 0 0 0 0 0 0 0 0 0 0 0 0 0 0 0 0 0 0 0 0 0 0 0 0 0 0 0 0 0 0 0 0 0 0 0 0 ,0 0 0 0 0 0 0 0 0 0 ,0 0 0 0 0 0 0 0 0 0 ,0 0 0 0 0 0 0 0 0 0 ,0 0 0 0 0 0 0 0 0 0 0 0 0 0 0 0 0 0 0 0 0 0 0 0 0 0 0 0 0 0 0 0 0 0 0 0 0 0 0 0 0 0 0 0 0 0 0 0 0 0 ,0,0,0,0,0,0,0
20180102103052,6220056,6222926,6255383,6222926,6255145,0,,10967110000,1033356841700000,0,0,0,0,0,0,0,0,0,0,0,0,0,0,0,0,0 0 0 0 0 0 0 0 0 0 ,0 0 0 0 0 0 0 0 0 0 ,0 0 0 0 0 0 0 0 0 0 ,0 0 0 0 0 0 0 0 0 0 0 0 0 0 0 0 0 0 0 0 0 0 0 0 0 0 0 0 0 0 0 0 0 0 0 0 0 0 0 0 0 0 0 0 0 0 0 0 0 0 ,0 0 0 0 0 0 0 0 0 0 ,0 0 0 0 0 0 0 0 0 0 ,0 0 0 0 0 0 0 0 0 0 ,0 0 0 0 0 0 0 0 0 0 0 0 0 0 0 0 0 0 0 0 0 0 0 0 0 0 0 0 0 0 0 0 0 0 0 0 0 0 0 0 0 0 0 0 0 0 0 0 0 0 ,0,0,0,0,0,0,0
20180102103057,6220056,6222926,6255383,6222926,6255013,0,,10974598000,1034126514900000,0,0,0,0,0,0,0,0,0,0,0,0,0,0,0,0,0 0 0 0 0 0 0 0 0 0 ,0 0 0 0 0 0 0 0 0 0 ,0 0 0 0 0 0 0 0 0 0 ,0 0 0 0 0 0 0 0 0 0 0 0 0 0 0 0 0 0 0 0 0 0 0 0 0 0 0 0 0 0 0 0 0 0 0 0 0 0 0 0 0 0 0 0 0 0 0 0 0 0 ,0 0 0 0 0 0 0 0 0 0 ,0 0 0 0 0 0 0 0 0 0 ,0 0 0 0 0 0 0 0 0 0 ,0 0 0 0 0 0 0 0 0 0 0 0 0 0 0 0 0 0 0 0 0 0 0 0 0 0 0 0 0 0 0 0 0 0 0 0 0 0 0 0 0 0 0 0 0 0 0 0 0 0 ,0,0,0,0,0,0,0
20180102103102,6220056,6222926,6255383,6222926,6254970,0,,10982478000,1035469426300000,0,0,0,0,0,0,0,0,0,0,0,0,0,0,0,0,0 0 0 0 0 0 0 0 0 0 ,0 0 0 0 0 0 0 0 0 0 ,0 0 0 0 0 0 0 0 0 0 ,0 0 0 0 0 0 0 0 0 0 0 0 0 0 0 0 0 0 0 0 0 0 0 0 0 0 0 0 0 0 0 0 0 0 0 0 0 0 0 0 0 0 0 0 0 0 0 0 0 0 ,0 0 0 0 0 0 0 0 0 0 ,0 0 0 0 0 0 0 0 0 0 ,0 0 0 0 0 0 0 0 0 0 ,0 0 0 0 0 0 0 0 0 0 0 0 0 0 0 0 0 0 0 0 0 0 0 0 0 0 0 0 0 0 0 0 0 0 0 0 0 0 0 0 0 0 0 0 0 0 0 0 0 0 ,0,0,0,0,0,0,0
20180102103107,6220056,6222926,6255383,6222926,6254959,0,,10984731000,1036311289400000,0,0,0,0,0,0,0,0,0,0,0,0,0,0,0,0,0 0 0 0 0 0 0 0 0 0 ,0 0 0 0 0 0 0 0 0 0 ,0 0 0 0 0 0 0 0 0 0 ,0 0 0 0 0 0 0 0 0 0 0 0 0 0 0 0 0 0 0 0 0 0 0 0 0 0 0 0 0 0 0 0 0 0 0 0 0 0 0 0 0 0 0 0 0 0 0 0 0 0 ,0 0 0 0 0 0 0 0 0 0 ,0 0 0 0 0 0 0 0 0 0 ,0 0 0 0 0 0 0 0 0 0 ,0 0 0 0 0 0 0 0 0 0 0 0 0 0 0 0 0 0 0 0 0 0 0 0 0 0 0 0 0 0 0 0 0 0 0 0 0 0 0 0 0 0 0 0 0 0 0 0 0 0 ,0,0,0,0,0,0,0
20180102103112,6220056,6222926,6255383,6222926,6255065,0,,11007930000,1037476746500000,0,0,0,0,0,0,0,0,0,0,0,0,0,0,0,0,0 0 0 0 0 0 0 0 0 0 ,0 0 0 0 0 0 0 0 0 0 ,0 0 0 0 0 0 0 0 0 0 ,0 0 0 0 0 0 0 0 0 0 0 0 0 0 0 0 0 0 0 0 0 0 0 0 0 0 0 0 0 0 0 0 0 0 0 0 0 0 0 0 0 0 0 0 0 0 0 0 0 0 ,0 0 0 0 0 0 0 0 0 0 ,0 0 0 0 0 0 0 0 0 0 ,0 0 0 0 0 0 0 0 0 0 ,0 0 0 0 0 0 0 0 0 0 0 0 0 0 0 0 0 0 0 0 0 0 0 0 0 0 0 0 0 0 0 0 0 0 0 0 0 0 0 0 0 0 0 0 0 0 0 0 0 0 ,0,0,0,0,0,0,0
20180102103117,6220056,6222926,6255428,6222926,6255181,0,,11017835000,1037958883700000,0,0,0,0,0,0,0,0,0,0,0,0,0,0,0,0,0 0 0 0 0 0 0 0 0 0 ,0 0 0 0 0 0 0 0 0 0 ,0 0 0 0 0 0 0 0 0 0 ,0 0 0 0 0 0 0 0 0 0 0 0 0 0 0 0 0 0 0 0 0 0 0 0 0 0 0 0 0 0 0 0 0 0 0 0 0 0 0 0 0 0 0 0 0 0 0 0 0 0 ,0 0 0 0 0 0 0 0 0 0 ,0 0 0 0 0 0 0 0 0 0 ,0 0 0 0 0 0 0 0 0 0 ,0 0 0 0 0 0 0 0 0 0 0 0 0 0 0 0 0 0 0 0 0 0 0 0 0 0 0 0 0 0 0 0 0 0 0 0 0 0 0 0 0 0 0 0 0 0 0 0 0 0 ,0,0,0,0,0,0,0
20180102103123,6220056,6222926,6255428,6222926,6255026,0,,11061026000,1039216845300000,0,0,0,0,0,0,0,0,0,0,0,0,0,0,0,0,0 0 0 0 0 0 0 0 0 0 ,0 0 0 0 0 0 0 0 0 0 ,0 0 0 0 0 0 0 0 0 0 ,0 0 0 0 0 0 0 0 0 0 0 0 0 0 0 0 0 0 0 0 0 0 0 0 0 0 0 0 0 0 0 0 0 0 0 0 0 0 0 0 0 0 0 0 0 0 0 0 0 0 ,0 0 0 0 0 0 0 0 0 0 ,0 0 0 0 0 0 0 0 0 0 ,0 0 0 0 0 0 0 0 0 0 ,0 0 0 0 0 0 0 0 0 0 0 0 0 0 0 0 0 0 0 0 0 0 0 0 0 0 0 0 0 0 0 0 0 0 0 0 0 0 0 0 0 0 0 0 0 0 0 0 0 0 ,0,0,0,0,0,0,0
20180102103127,6220056,6222926,6255428,6222926,6255325,0,,11072945000,1041599353100000,0,0,0,0,0,0,0,0,0,0,0,0,0,0,0,0,0 0 0 0 0 0 0 0 0 0 ,0 0 0 0 0 0 0 0 0 0 ,0 0 0 0 0 0 0 0 0 0 ,0 0 0 0 0 0 0 0 0 0 0 0 0 0 0 0 0 0 0 0 0 0 0 0 0 0 0 0 0 0 0 0 0 0 0 0 0 0 0 0 0 0 0 0 0 0 0 0 0 0 ,0 0 0 0 0 0 0 0 0 0 ,0 0 0 0 0 0 0 0 0 0 ,0 0 0 0 0 0 0 0 0 0 ,0 0 0 0 0 0 0 0 0 0 0 0 0 0 0 0 0 0 0 0 0 0 0 0 0 0 0 0 0 0 0 0 0 0 0 0 0 0 0 0 0 0 0 0 0 0 0 0 0 0 ,0,0,0,0,0,0,0
20180102103133,6220056,6222926,6255428,6222926,6254984,0,,11074796000,1042297794400000,0,0,0,0,0,0,0,0,0,0,0,0,0,0,0,0,0 0 0 0 0 0 0 0 0 0 ,0 0 0 0 0 0 0 0 0 0 ,0 0 0 0 0 0 0 0 0 0 ,0 0 0 0 0 0 0 0 0 0 0 0 0 0 0 0 0 0 0 0 0 0 0 0 0 0 0 0 0 0 0 0 0 0 0 0 0 0 0 0 0 0 0 0 0 0 0 0 0 0 ,0 0 0 0 0 0 0 0 0 0 ,0 0 0 0 0 0 0 0 0 0 ,0 0 0 0 0 0 0 0 0 0 ,0 0 0 0 0 0 0 0 0 0 0 0 0 0 0 0 0 0 0 0 0 0 0 0 0 0 0 0 0 0 0 0 0 0 0 0 0 0 0 0 0 0 0 0 0 0 0 0 0 0 ,0,0,0,0,0,0,0
20180102103137,6220056,6222926,6255606,6222926,6255368,0,,11080496000,1042735577000000,0,0,0,0,0,0,0,0,0,0,0,0,0,0,0,0,0 0 0 0 0 0 0 0 0 0 ,0 0 0 0 0 0 0 0 0 0 ,0 0 0 0 0 0 0 0 0 0 ,0 0 0 0 0 0 0 0 0 0 0 0 0 0 0 0 0 0 0 0 0 0 0 0 0 0 0 0 0 0 0 0 0 0 0 0 0 0 0 0 0 0 0 0 0 0 0 0 0 0 ,0 0 0 0 0 0 0 0 0 0 ,0 0 0 0 0 0 0 0 0 0 ,0 0 0 0 0 0 0 0 0 0 ,0 0 0 0 0 0 0 0 0 0 0 0 0 0 0 0 0 0 0 0 0 0 0 0 0 0 0 0 0 0 0 0 0 0 0 0 0 0 0 0 0 0 0 0 0 0 0 0 0 0 ,0,0,0,0,0,0,0
20180102103143,6220056,6222926,6255615,6222926,6255133,0,,11089348000,1043076961100000,0,0,0,0,0,0,0,0,0,0,0,0,0,0,0,0,0 0 0 0 0 0 0 0 0 0 ,0 0 0 0 0 0 0 0 0 0 ,0 0 0 0 0 0 0 0 0 0 ,0 0 0 0 0 0 0 0 0 0 0 0 0 0 0 0 0 0 0 0 0 0 0 0 0 0 0 0 0 0 0 0 0 0 0 0 0 0 0 0 0 0 0 0 0 0 0 0 0 0 ,0 0 0 0 0 0 0 0 0 0 ,0 0 0 0 0 0 0 0 0 0 ,0 0 0 0 0 0 0 0 0 0 ,0 0 0 0 0 0 0 0 0 0 0 0 0 0 0 0 0 0 0 0 0 0 0 0 0 0 0 0 0 0 0 0 0 0 0 0 0 0 0 0 0 0 0 0 0 0 0 0 0 0 ,0,0,0,0,0,0,0
20180102103147,6220056,6222926,6255615,6222926,6255367,0,,11099886000,1043430809300000,0,0,0,0,0,0,0,0,0,0,0,0,0,0,0,0,0 0 0 0 0 0 0 0 0 0 ,0 0 0 0 0 0 0 0 0 0 ,0 0 0 0 0 0 0 0 0 0 ,0 0 0 0 0 0 0 0 0 0 0 0 0 0 0 0 0 0 0 0 0 0 0 0 0 0 0 0 0 0 0 0 0 0 0 0 0 0 0 0 0 0 0 0 0 0 0 0 0 0 ,0 0 0 0 0 0 0 0 0 0 ,0 0 0 0 0 0 0 0 0 0 ,0 0 0 0 0 0 0 0 0 0 ,0 0 0 0 0 0 0 0 0 0 0 0 0 0 0 0 0 0 0 0 0 0 0 0 0 0 0 0 0 0 0 0 0 0 0 0 0 0 0 0 0 0 0 0 0 0 0 0 0 0 ,0,0,0,0,0,0,0
20180102103152,6220056,6222926,6255615,6222926,6255594,0,,11101717000,1043713636000000,0,0,0,0,0,0,0,0,0,0,0,0,0,0,0,0,0 0 0 0 0 0 0 0 0 0 ,0 0 0 0 0 0 0 0 0 0 ,0 0 0 0 0 0 0 0 0 0 ,0 0 0 0 0 0 0 0 0 0 0 0 0 0 0 0 0 0 0 0 0 0 0 0 0 0 0 0 0 0 0 0 0 0 0 0 0 0 0 0 0 0 0 0 0 0 0 0 0 0 ,0 0 0 0 0 0 0 0 0 0 ,0 0 0 0 0 0 0 0 0 0 ,0 0 0 0 0 0 0 0 0 0 ,0 0 0 0 0 0 0 0 0 0 0 0 0 0 0 0 0 0 0 0 0 0 0 0 0 0 0 0 0 0 0 0 0 0 0 0 0 0 0 0 0 0 0 0 0 0 0 0 0 0 ,0,0,0,0,0,0,0
20180102103158,6220056,6222926,6255615,6222926,6255214,0,,11149285000,1044369690000000,0,0,0,0,0,0,0,0,0,0,0,0,0,0,0,0,0 0 0 0 0 0 0 0 0 0 ,0 0 0 0 0 0 0 0 0 0 ,0 0 0 0 0 0 0 0 0 0 ,0 0 0 0 0 0 0 0 0 0 0 0 0 0 0 0 0 0 0 0 0 0 0 0 0 0 0 0 0 0 0 0 0 0 0 0 0 0 0 0 0 0 0 0 0 0 0 0 0 0 ,0 0 0 0 0 0 0 0 0 0 ,0 0 0 0 0 0 0 0 0 0 ,0 0 0 0 0 0 0 0 0 0 ,0 0 0 0 0 0 0 0 0 0 0 0 0 0 0 0 0 0 0 0 0 0 0 0 0 0 0 0 0 0 0 0 0 0 0 0 0 0 0 0 0 0 0 0 0 0 0 0 0 0 ,0,0,0,0,0,0,0
20180102103202,6220056,6222926,6255615,6222926,6255221,0,,11154929000,1044954961300000,0,0,0,0,0,0,0,0,0,0,0,0,0,0,0,0,0 0 0 0 0 0 0 0 0 0 ,0 0 0 0 0 0 0 0 0 0 ,0 0 0 0 0 0 0 0 0 0 ,0 0 0 0 0 0 0 0 0 0 0 0 0 0 0 0 0 0 0 0 0 0 0 0 0 0 0 0 0 0 0 0 0 0 0 0 0 0 0 0 0 0 0 0 0 0 0 0 0 0 ,0 0 0 0 0 0 0 0 0 0 ,0 0 0 0 0 0 0 0 0 0 ,0 0 0 0 0 0 0 0 0 0 ,0 0 0 0 0 0 0 0 0 0 0 0 0 0 0 0 0 0 0 0 0 0 0 0 0 0 0 0 0 0 0 0 0 0 0 0 0 0 0 0 0 0 0 0 0 0 0 0 0 0 ,0,0,0,0,0,0,0
20180102103208,6220056,6222926,6255615,6222926,6255334,0,,11184630000,1046027717400000,0,0,0,0,0,0,0,0,0,0,0,0,0,0,0,0,0 0 0 0 0 0 0 0 0 0 ,0 0 0 0 0 0 0 0 0 0 ,0 0 0 0 0 0 0 0 0 0 ,0 0 0 0 0 0 0 0 0 0 0 0 0 0 0 0 0 0 0 0 0 0 0 0 0 0 0 0 0 0 0 0 0 0 0 0 0 0 0 0 0 0 0 0 0 0 0 0 0 0 ,0 0 0 0 0 0 0 0 0 0 ,0 0 0 0 0 0 0 0 0 0 ,0 0 0 0 0 0 0 0 0 0 ,0 0 0 0 0 0 0 0 0 0 0 0 0 0 0 0 0 0 0 0 0 0 0 0 0 0 0 0 0 0 0 0 0 0 0 0 0 0 0 0 0 0 0 0 0 0 0 0 0 0 ,0,0,0,0,0,0,0
20180102103212,6220056,6222926,6255661,6222926,6255584,0,,11240125000,1047266808500000,0,0,0,0,0,0,0,0,0,0,0,0,0,0,0,0,0 0 0 0 0 0 0 0 0 0 ,0 0 0 0 0 0 0 0 0 0 ,0 0 0 0 0 0 0 0 0 0 ,0 0 0 0 0 0 0 0 0 0 0 0 0 0 0 0 0 0 0 0 0 0 0 0 0 0 0 0 0 0 0 0 0 0 0 0 0 0 0 0 0 0 0 0 0 0 0 0 0 0 ,0 0 0 0 0 0 0 0 0 0 ,0 0 0 0 0 0 0 0 0 0 ,0 0 0 0 0 0 0 0 0 0 ,0 0 0 0 0 0 0 0 0 0 0 0 0 0 0 0 0 0 0 0 0 0 0 0 0 0 0 0 0 0 0 0 0 0 0 0 0 0 0 0 0 0 0 0 0 0 0 0 0 0 ,0,0,0,0,0,0,0
20180102103218,6220056,6222926,6255661,6222926,6255357,0,,11242206000,1048357871200000,0,0,0,0,0,0,0,0,0,0,0,0,0,0,0,0,0 0 0 0 0 0 0 0 0 0 ,0 0 0 0 0 0 0 0 0 0 ,0 0 0 0 0 0 0 0 0 0 ,0 0 0 0 0 0 0 0 0 0 0 0 0 0 0 0 0 0 0 0 0 0 0 0 0 0 0 0 0 0 0 0 0 0 0 0 0 0 0 0 0 0 0 0 0 0 0 0 0 0 ,0 0 0 0 0 0 0 0 0 0 ,0 0 0 0 0 0 0 0 0 0 ,0 0 0 0 0 0 0 0 0 0 ,0 0 0 0 0 0 0 0 0 0 0 0 0 0 0 0 0 0 0 0 0 0 0 0 0 0 0 0 0 0 0 0 0 0 0 0 0 0 0 0 0 0 0 0 0 0 0 0 0 0 ,0,0,0,0,0,0,0
20180102103223,6220056,6222926,6255661,6222926,6255393,0,,11259057000,1048710365800000,0,0,0,0,0,0,0,0,0,0,0,0,0,0,0,0,0 0 0 0 0 0 0 0 0 0 ,0 0 0 0 0 0 0 0 0 0 ,0 0 0 0 0 0 0 0 0 0 ,0 0 0 0 0 0 0 0 0 0 0 0 0 0 0 0 0 0 0 0 0 0 0 0 0 0 0 0 0 0 0 0 0 0 0 0 0 0 0 0 0 0 0 0 0 0 0 0 0 0 ,0 0 0 0 0 0 0 0 0 0 ,0 0 0 0 0 0 0 0 0 0 ,0 0 0 0 0 0 0 0 0 0 ,0 0 0 0 0 0 0 0 0 0 0 0 0 0 0 0 0 0 0 0 0 0 0 0 0 0 0 0 0 0 0 0 0 0 0 0 0 0 0 0 0 0 0 0 0 0 0 0 0 0 ,0,0,0,0,0,0,0
20180102103228,6220056,6222926,6255661,6222926,6255404,0,,11299540000,1049286238900000,0,0,0,0,0,0,0,0,0,0,0,0,0,0,0,0,0 0 0 0 0 0 0 0 0 0 ,0 0 0 0 0 0 0 0 0 0 ,0 0 0 0 0 0 0 0 0 0 ,0 0 0 0 0 0 0 0 0 0 0 0 0 0 0 0 0 0 0 0 0 0 0 0 0 0 0 0 0 0 0 0 0 0 0 0 0 0 0 0 0 0 0 0 0 0 0 0 0 0 ,0 0 0 0 0 0 0 0 0 0 ,0 0 0 0 0 0 0 0 0 0 ,0 0 0 0 0 0 0 0 0 0 ,0 0 0 0 0 0 0 0 0 0 0 0 0 0 0 0 0 0 0 0 0 0 0 0 0 0 0 0 0 0 0 0 0 0 0 0 0 0 0 0 0 0 0 0 0 0 0 0 0 0 ,0,0,0,0,0,0,0
20180102103233,6220056,6222926,6255691,6222926,6255678,0,,11307540000,1050787592100000,0,0,0,0,0,0,0,0,0,0,0,0,0,0,0,0,0 0 0 0 0 0 0 0 0 0 ,0 0 0 0 0 0 0 0 0 0 ,0 0 0 0 0 0 0 0 0 0 ,0 0 0 0 0 0 0 0 0 0 0 0 0 0 0 0 0 0 0 0 0 0 0 0 0 0 0 0 0 0 0 0 0 0 0 0 0 0 0 0 0 0 0 0 0 0 0 0 0 0 ,0 0 0 0 0 0 0 0 0 0 ,0 0 0 0 0 0 0 0 0 0 ,0 0 0 0 0 0 0 0 0 0 ,0 0 0 0 0 0 0 0 0 0 0 0 0 0 0 0 0 0 0 0 0 0 0 0 0 0 0 0 0 0 0 0 0 0 0 0 0 0 0 0 0 0 0 0 0 0 0 0 0 0 ,0,0,0,0,0,0,0
20180102103238,6220056,6222926,6255703,6222926,6255703,0,,11318909000,1051178499300000,0,0,0,0,0,0,0,0,0,0,0,0,0,0,0,0,0 0 0 0 0 0 0 0 0 0 ,0 0 0 0 0 0 0 0 0 0 ,0 0 0 0 0 0 0 0 0 0 ,0 0 0 0 0 0 0 0 0 0 0 0 0 0 0 0 0 0 0 0 0 0 0 0 0 0 0 0 0 0 0 0 0 0 0 0 0 0 0 0 0 0 0 0 0 0 0 0 0 0 ,0 0 0 0 0 0 0 0 0 0 ,0 0 0 0 0 0 0 0 0 0 ,0 0 0 0 0 0 0 0 0 0 ,0 0 0 0 0 0 0 0 0 0 0 0 0 0 0 0 0 0 0 0 0 0 0 0 0 0 0 0 0 0 0 0 0 0 0 0 0 0 0 0 0 0 0 0 0 0 0 0 0 0 ,0,0,0,0,0,0,0
20180102103243,6220056,6222926,6255792,6222926,6255697,0,,11330832000,1051848590800000,0,0,0,0,0,0,0,0,0,0,0,0,0,0,0,0,0 0 0 0 0 0 0 0 0 0 ,0 0 0 0 0 0 0 0 0 0 ,0 0 0 0 0 0 0 0 0 0 ,0 0 0 0 0 0 0 0 0 0 0 0 0 0 0 0 0 0 0 0 0 0 0 0 0 0 0 0 0 0 0 0 0 0 0 0 0 0 0 0 0 0 0 0 0 0 0 0 0 0 ,0 0 0 0 0 0 0 0 0 0 ,0 0 0 0 0 0 0 0 0 0 ,0 0 0 0 0 0 0 0 0 0 ,0 0 0 0 0 0 0 0 0 0 0 0 0 0 0 0 0 0 0 0 0 0 0 0 0 0 0 0 0 0 0 0 0 0 0 0 0 0 0 0 0 0 0 0 0 0 0 0 0 0 ,0,0,0,0,0,0,0
20180102103248,6220056,6222926,6255792,6222926,6255729,0,,11375497000,1052738788700000,0,0,0,0,0,0,0,0,0,0,0,0,0,0,0,0,0 0 0 0 0 0 0 0 0 0 ,0 0 0 0 0 0 0 0 0 0 ,0 0 0 0 0 0 0 0 0 0 ,0 0 0 0 0 0 0 0 0 0 0 0 0 0 0 0 0 0 0 0 0 0 0 0 0 0 0 0 0 0 0 0 0 0 0 0 0 0 0 0 0 0 0 0 0 0 0 0 0 0 ,0 0 0 0 0 0 0 0 0 0 ,0 0 0 0 0 0 0 0 0 0 ,0 0 0 0 0 0 0 0 0 0 ,0 0 0 0 0 0 0 0 0 0 0 0 0 0 0 0 0 0 0 0 0 0 0 0 0 0 0 0 0 0 0 0 0 0 0 0 0 0 0 0 0 0 0 0 0 0 0 0 0 0 ,0,0,0,0,0,0,0
20180102103253,6220056,6222926,6255792,6222926,6255289,0,,11419963000,1053498090800000,0,0,0,0,0,0,0,0,0,0,0,0,0,0,0,0,0 0 0 0 0 0 0 0 0 0 ,0 0 0 0 0 0 0 0 0 0 ,0 0 0 0 0 0 0 0 0 0 ,0 0 0 0 0 0 0 0 0 0 0 0 0 0 0 0 0 0 0 0 0 0 0 0 0 0 0 0 0 0 0 0 0 0 0 0 0 0 0 0 0 0 0 0 0 0 0 0 0 0 ,0 0 0 0 0 0 0 0 0 0 ,0 0 0 0 0 0 0 0 0 0 ,0 0 0 0 0 0 0 0 0 0 ,0 0 0 0 0 0 0 0 0 0 0 0 0 0 0 0 0 0 0 0 0 0 0 0 0 0 0 0 0 0 0 0 0 0 0 0 0 0 0 0 0 0 0 0 0 0 0 0 0 0 ,0,0,0,0,0,0,0
20180102103258,6220056,6222926,6255792,6222926,6255339,0,,11454069000,1056289353800000,0,0,0,0,0,0,0,0,0,0,0,0,0,0,0,0,0 0 0 0 0 0 0 0 0 0 ,0 0 0 0 0 0 0 0 0 0 ,0 0 0 0 0 0 0 0 0 0 ,0 0 0 0 0 0 0 0 0 0 0 0 0 0 0 0 0 0 0 0 0 0 0 0 0 0 0 0 0 0 0 0 0 0 0 0 0 0 0 0 0 0 0 0 0 0 0 0 0 0 ,0 0 0 0 0 0 0 0 0 0 ,0 0 0 0 0 0 0 0 0 0 ,0 0 0 0 0 0 0 0 0 0 ,0 0 0 0 0 0 0 0 0 0 0 0 0 0 0 0 0 0 0 0 0 0 0 0 0 0 0 0 0 0 0 0 0 0 0 0 0 0 0 0 0 0 0 0 0 0 0 0 0 0 ,0,0,0,0,0,0,0
20180102103303,6220056,6222926,6255792,6222926,6255156,0,,11505210000,1057722924100000,0,0,0,0,0,0,0,0,0,0,0,0,0,0,0,0,0 0 0 0 0 0 0 0 0 0 ,0 0 0 0 0 0 0 0 0 0 ,0 0 0 0 0 0 0 0 0 0 ,0 0 0 0 0 0 0 0 0 0 0 0 0 0 0 0 0 0 0 0 0 0 0 0 0 0 0 0 0 0 0 0 0 0 0 0 0 0 0 0 0 0 0 0 0 0 0 0 0 0 ,0 0 0 0 0 0 0 0 0 0 ,0 0 0 0 0 0 0 0 0 0 ,0 0 0 0 0 0 0 0 0 0 ,0 0 0 0 0 0 0 0 0 0 0 0 0 0 0 0 0 0 0 0 0 0 0 0 0 0 0 0 0 0 0 0 0 0 0 0 0 0 0 0 0 0 0 0 0 0 0 0 0 0 ,0,0,0,0,0,0,0
20180102103308,6220056,6222926,6255792,6222926,6254863,0,,11537397000,1058628643400000,0,0,0,0,0,0,0,0,0,0,0,0,0,0,0,0,0 0 0 0 0 0 0 0 0 0 ,0 0 0 0 0 0 0 0 0 0 ,0 0 0 0 0 0 0 0 0 0 ,0 0 0 0 0 0 0 0 0 0 0 0 0 0 0 0 0 0 0 0 0 0 0 0 0 0 0 0 0 0 0 0 0 0 0 0 0 0 0 0 0 0 0 0 0 0 0 0 0 0 ,0 0 0 0 0 0 0 0 0 0 ,0 0 0 0 0 0 0 0 0 0 ,0 0 0 0 0 0 0 0 0 0 ,0 0 0 0 0 0 0 0 0 0 0 0 0 0 0 0 0 0 0 0 0 0 0 0 0 0 0 0 0 0 0 0 0 0 0 0 0 0 0 0 0 0 0 0 0 0 0 0 0 0 ,0,0,0,0,0,0,0
20180102103313,6220056,6222926,6255792,6222926,6254836,0,,11549506000,1059102221400000,0,0,0,0,0,0,0,0,0,0,0,0,0,0,0,0,0 0 0 0 0 0 0 0 0 0 ,0 0 0 0 0 0 0 0 0 0 ,0 0 0 0 0 0 0 0 0 0 ,0 0 0 0 0 0 0 0 0 0 0 0 0 0 0 0 0 0 0 0 0 0 0 0 0 0 0 0 0 0 0 0 0 0 0 0 0 0 0 0 0 0 0 0 0 0 0 0 0 0 ,0 0 0 0 0 0 0 0 0 0 ,0 0 0 0 0 0 0 0 0 0 ,0 0 0 0 0 0 0 0 0 0 ,0 0 0 0 0 0 0 0 0 0 0 0 0 0 0 0 0 0 0 0 0 0 0 0 0 0 0 0 0 0 0 0 0 0 0 0 0 0 0 0 0 0 0 0 0 0 0 0 0 0 ,0,0,0,0,0,0,0
20180102103318,6220056,6222926,6255792,6222926,6254540,0,,11552004000,1059404004300000,0,0,0,0,0,0,0,0,0,0,0,0,0,0,0,0,0 0 0 0 0 0 0 0 0 0 ,0 0 0 0 0 0 0 0 0 0 ,0 0 0 0 0 0 0 0 0 0 ,0 0 0 0 0 0 0 0 0 0 0 0 0 0 0 0 0 0 0 0 0 0 0 0 0 0 0 0 0 0 0 0 0 0 0 0 0 0 0 0 0 0 0 0 0 0 0 0 0 0 ,0 0 0 0 0 0 0 0 0 0 ,0 0 0 0 0 0 0 0 0 0 ,0 0 0 0 0 0 0 0 0 0 ,0 0 0 0 0 0 0 0 0 0 0 0 0 0 0 0 0 0 0 0 0 0 0 0 0 0 0 0 0 0 0 0 0 0 0 0 0 0 0 0 0 0 0 0 0 0 0 0 0 0 ,0,0,0,0,0,0,0
20180102103323,6220056,6222926,6255792,6222926,6254347,0,,11555439000,1061548630700000,0,0,0,0,0,0,0,0,0,0,0,0,0,0,0,0,0 0 0 0 0 0 0 0 0 0 ,0 0 0 0 0 0 0 0 0 0 ,0 0 0 0 0 0 0 0 0 0 ,0 0 0 0 0 0 0 0 0 0 0 0 0 0 0 0 0 0 0 0 0 0 0 0 0 0 0 0 0 0 0 0 0 0 0 0 0 0 0 0 0 0 0 0 0 0 0 0 0 0 ,0 0 0 0 0 0 0 0 0 0 ,0 0 0 0 0 0 0 0 0 0 ,0 0 0 0 0 0 0 0 0 0 ,0 0 0 0 0 0 0 0 0 0 0 0 0 0 0 0 0 0 0 0 0 0 0 0 0 0 0 0 0 0 0 0 0 0 0 0 0 0 0 0 0 0 0 0 0 0 0 0 0 0 ,0,0,0,0,0,0,0
20180102103328,6220056,6222926,6255792,6222926,6254418,0,,11562152000,1062747420500000,0,0,0,0,0,0,0,0,0,0,0,0,0,0,0,0,0 0 0 0 0 0 0 0 0 0 ,0 0 0 0 0 0 0 0 0 0 ,0 0 0 0 0 0 0 0 0 0 ,0 0 0 0 0 0 0 0 0 0 0 0 0 0 0 0 0 0 0 0 0 0 0 0 0 0 0 0 0 0 0 0 0 0 0 0 0 0 0 0 0 0 0 0 0 0 0 0 0 0 ,0 0 0 0 0 0 0 0 0 0 ,0 0 0 0 0 0 0 0 0 0 ,0 0 0 0 0 0 0 0 0 0 ,0 0 0 0 0 0 0 0 0 0 0 0 0 0 0 0 0 0 0 0 0 0 0 0 0 0 0 0 0 0 0 0 0 0 0 0 0 0 0 0 0 0 0 0 0 0 0 0 0 0 ,0,0,0,0,0,0,0
20180102103333,6220056,6222926,6255792,6222926,6254294,0,,11571794000,1064438323200000,0,0,0,0,0,0,0,0,0,0,0,0,0,0,0,0,0 0 0 0 0 0 0 0 0 0 ,0 0 0 0 0 0 0 0 0 0 ,0 0 0 0 0 0 0 0 0 0 ,0 0 0 0 0 0 0 0 0 0 0 0 0 0 0 0 0 0 0 0 0 0 0 0 0 0 0 0 0 0 0 0 0 0 0 0 0 0 0 0 0 0 0 0 0 0 0 0 0 0 ,0 0 0 0 0 0 0 0 0 0 ,0 0 0 0 0 0 0 0 0 0 ,0 0 0 0 0 0 0 0 0 0 ,0 0 0 0 0 0 0 0 0 0 0 0 0 0 0 0 0 0 0 0 0 0 0 0 0 0 0 0 0 0 0 0 0 0 0 0 0 0 0 0 0 0 0 0 0 0 0 0 0 0 ,0,0,0,0,0,0,0
20180102103338,6220056,6222926,6255792,6222926,6254503,0,,11579389000,1064644590900000,0,0,0,0,0,0,0,0,0,0,0,0,0,0,0,0,0 0 0 0 0 0 0 0 0 0 ,0 0 0 0 0 0 0 0 0 0 ,0 0 0 0 0 0 0 0 0 0 ,0 0 0 0 0 0 0 0 0 0 0 0 0 0 0 0 0 0 0 0 0 0 0 0 0 0 0 0 0 0 0 0 0 0 0 0 0 0 0 0 0 0 0 0 0 0 0 0 0 0 ,0 0 0 0 0 0 0 0 0 0 ,0 0 0 0 0 0 0 0 0 0 ,0 0 0 0 0 0 0 0 0 0 ,0 0 0 0 0 0 0 0 0 0 0 0 0 0 0 0 0 0 0 0 0 0 0 0 0 0 0 0 0 0 0 0 0 0 0 0 0 0 0 0 0 0 0 0 0 0 0 0 0 0 ,0,0,0,0,0,0,0
20180102103343,6220056,6222926,6255792,6222926,6254514,0,,11604362000,1066866302700000,0,0,0,0,0,0,0,0,0,0,0,0,0,0,0,0,0 0 0 0 0 0 0 0 0 0 ,0 0 0 0 0 0 0 0 0 0 ,0 0 0 0 0 0 0 0 0 0 ,0 0 0 0 0 0 0 0 0 0 0 0 0 0 0 0 0 0 0 0 0 0 0 0 0 0 0 0 0 0 0 0 0 0 0 0 0 0 0 0 0 0 0 0 0 0 0 0 0 0 ,0 0 0 0 0 0 0 0 0 0 ,0 0 0 0 0 0 0 0 0 0 ,0 0 0 0 0 0 0 0 0 0 ,0 0 0 0 0 0 0 0 0 0 0 0 0 0 0 0 0 0 0 0 0 0 0 0 0 0 0 0 0 0 0 0 0 0 0 0 0 0 0 0 0 0 0 0 0 0 0 0 0 0 ,0,0,0,0,0,0,0
20180102103348,6220056,6222926,6255792,6222926,6254279,0,,11620399000,1067123759000000,0,0,0,0,0,0,0,0,0,0,0,0,0,0,0,0,0 0 0 0 0 0 0 0 0 0 ,0 0 0 0 0 0 0 0 0 0 ,0 0 0 0 0 0 0 0 0 0 ,0 0 0 0 0 0 0 0 0 0 0 0 0 0 0 0 0 0 0 0 0 0 0 0 0 0 0 0 0 0 0 0 0 0 0 0 0 0 0 0 0 0 0 0 0 0 0 0 0 0 ,0 0 0 0 0 0 0 0 0 0 ,0 0 0 0 0 0 0 0 0 0 ,0 0 0 0 0 0 0 0 0 0 ,0 0 0 0 0 0 0 0 0 0 0 0 0 0 0 0 0 0 0 0 0 0 0 0 0 0 0 0 0 0 0 0 0 0 0 0 0 0 0 0 0 0 0 0 0 0 0 0 0 0 ,0,0,0,0,0,0,0
20180102103353,6220056,6222926,6255792,6222926,6254259,0,,11633233000,1067886410200000,0,0,0,0,0,0,0,0,0,0,0,0,0,0,0,0,0 0 0 0 0 0 0 0 0 0 ,0 0 0 0 0 0 0 0 0 0 ,0 0 0 0 0 0 0 0 0 0 ,0 0 0 0 0 0 0 0 0 0 0 0 0 0 0 0 0 0 0 0 0 0 0 0 0 0 0 0 0 0 0 0 0 0 0 0 0 0 0 0 0 0 0 0 0 0 0 0 0 0 ,0 0 0 0 0 0 0 0 0 0 ,0 0 0 0 0 0 0 0 0 0 ,0 0 0 0 0 0 0 0 0 0 ,0 0 0 0 0 0 0 0 0 0 0 0 0 0 0 0 0 0 0 0 0 0 0 0 0 0 0 0 0 0 0 0 0 0 0 0 0 0 0 0 0 0 0 0 0 0 0 0 0 0 ,0,0,0,0,0,0,0
20180102103358,6220056,6222926,6255792,6222926,6254080,0,,11689079000,1068854050700000,0,0,0,0,0,0,0,0,0,0,0,0,0,0,0,0,0 0 0 0 0 0 0 0 0 0 ,0 0 0 0 0 0 0 0 0 0 ,0 0 0 0 0 0 0 0 0 0 ,0 0 0 0 0 0 0 0 0 0 0 0 0 0 0 0 0 0 0 0 0 0 0 0 0 0 0 0 0 0 0 0 0 0 0 0 0 0 0 0 0 0 0 0 0 0 0 0 0 0 ,0 0 0 0 0 0 0 0 0 0 ,0 0 0 0 0 0 0 0 0 0 ,0 0 0 0 0 0 0 0 0 0 ,0 0 0 0 0 0 0 0 0 0 0 0 0 0 0 0 0 0 0 0 0 0 0 0 0 0 0 0 0 0 0 0 0 0 0 0 0 0 0 0 0 0 0 0 0 0 0 0 0 0 ,0,0,0,0,0,0,0
20180102103403,6220056,6222926,6255792,6222926,6253990,0,,11697068000,1071160878600000,0,0,0,0,0,0,0,0,0,0,0,0,0,0,0,0,0 0 0 0 0 0 0 0 0 0 ,0 0 0 0 0 0 0 0 0 0 ,0 0 0 0 0 0 0 0 0 0 ,0 0 0 0 0 0 0 0 0 0 0 0 0 0 0 0 0 0 0 0 0 0 0 0 0 0 0 0 0 0 0 0 0 0 0 0 0 0 0 0 0 0 0 0 0 0 0 0 0 0 ,0 0 0 0 0 0 0 0 0 0 ,0 0 0 0 0 0 0 0 0 0 ,0 0 0 0 0 0 0 0 0 0 ,0 0 0 0 0 0 0 0 0 0 0 0 0 0 0 0 0 0 0 0 0 0 0 0 0 0 0 0 0 0 0 0 0 0 0 0 0 0 0 0 0 0 0 0 0 0 0 0 0 0 ,0,0,0,0,0,0,0
20180102103408,6220056,6222926,6255792,6222926,6254071,0,,11707951000,1072024917600000,0,0,0,0,0,0,0,0,0,0,0,0,0,0,0,0,0 0 0 0 0 0 0 0 0 0 ,0 0 0 0 0 0 0 0 0 0 ,0 0 0 0 0 0 0 0 0 0 ,0 0 0 0 0 0 0 0 0 0 0 0 0 0 0 0 0 0 0 0 0 0 0 0 0 0 0 0 0 0 0 0 0 0 0 0 0 0 0 0 0 0 0 0 0 0 0 0 0 0 ,0 0 0 0 0 0 0 0 0 0 ,0 0 0 0 0 0 0 0 0 0 ,0 0 0 0 0 0 0 0 0 0 ,0 0 0 0 0 0 0 0 0 0 0 0 0 0 0 0 0 0 0 0 0 0 0 0 0 0 0 0 0 0 0 0 0 0 0 0 0 0 0 0 0 0 0 0 0 0 0 0 0 0 ,0,0,0,0,0,0,0
20180102103413,6220056,6222926,6255792,6222926,6253634,0,,11717675000,1078553222000000,0,0,0,0,0,0,0,0,0,0,0,0,0,0,0,0,0 0 0 0 0 0 0 0 0 0 ,0 0 0 0 0 0 0 0 0 0 ,0 0 0 0 0 0 0 0 0 0 ,0 0 0 0 0 0 0 0 0 0 0 0 0 0 0 0 0 0 0 0 0 0 0 0 0 0 0 0 0 0 0 0 0 0 0 0 0 0 0 0 0 0 0 0 0 0 0 0 0 0 ,0 0 0 0 0 0 0 0 0 0 ,0 0 0 0 0 0 0 0 0 0 ,0 0 0 0 0 0 0 0 0 0 ,0 0 0 0 0 0 0 0 0 0 0 0 0 0 0 0 0 0 0 0 0 0 0 0 0 0 0 0 0 0 0 0 0 0 0 0 0 0 0 0 0 0 0 0 0 0 0 0 0 0 ,0,0,0,0,0,0,0
20180102103418,6220056,6222926,6255792,6222926,6253413,0,,11719736000,1079660301900000,0,0,0,0,0,0,0,0,0,0,0,0,0,0,0,0,0 0 0 0 0 0 0 0 0 0 ,0 0 0 0 0 0 0 0 0 0 ,0 0 0 0 0 0 0 0 0 0 ,0 0 0 0 0 0 0 0 0 0 0 0 0 0 0 0 0 0 0 0 0 0 0 0 0 0 0 0 0 0 0 0 0 0 0 0 0 0 0 0 0 0 0 0 0 0 0 0 0 0 ,0 0 0 0 0 0 0 0 0 0 ,0 0 0 0 0 0 0 0 0 0 ,0 0 0 0 0 0 0 0 0 0 ,0 0 0 0 0 0 0 0 0 0 0 0 0 0 0 0 0 0 0 0 0 0 0 0 0 0 0 0 0 0 0 0 0 0 0 0 0 0 0 0 0 0 0 0 0 0 0 0 0 0 ,0,0,0,0,0,0,0
20180102103423,6220056,6222926,6255792,6222926,6253400,0,,11721589000,1080708249100000,0,0,0,0,0,0,0,0,0,0,0,0,0,0,0,0,0 0 0 0 0 0 0 0 0 0 ,0 0 0 0 0 0 0 0 0 0 ,0 0 0 0 0 0 0 0 0 0 ,0 0 0 0 0 0 0 0 0 0 0 0 0 0 0 0 0 0 0 0 0 0 0 0 0 0 0 0 0 0 0 0 0 0 0 0 0 0 0 0 0 0 0 0 0 0 0 0 0 0 ,0 0 0 0 0 0 0 0 0 0 ,0 0 0 0 0 0 0 0 0 0 ,0 0 0 0 0 0 0 0 0 0 ,0 0 0 0 0 0 0 0 0 0 0 0 0 0 0 0 0 0 0 0 0 0 0 0 0 0 0 0 0 0 0 0 0 0 0 0 0 0 0 0 0 0 0 0 0 0 0 0 0 0 ,0,0,0,0,0,0,0
20180102103428,6220056,6222926,6255792,6222926,6252947,0,,11742647000,1081388342900000,0,0,0,0,0,0,0,0,0,0,0,0,0,0,0,0,0 0 0 0 0 0 0 0 0 0 ,0 0 0 0 0 0 0 0 0 0 ,0 0 0 0 0 0 0 0 0 0 ,0 0 0 0 0 0 0 0 0 0 0 0 0 0 0 0 0 0 0 0 0 0 0 0 0 0 0 0 0 0 0 0 0 0 0 0 0 0 0 0 0 0 0 0 0 0 0 0 0 0 ,0 0 0 0 0 0 0 0 0 0 ,0 0 0 0 0 0 0 0 0 0 ,0 0 0 0 0 0 0 0 0 0 ,0 0 0 0 0 0 0 0 0 0 0 0 0 0 0 0 0 0 0 0 0 0 0 0 0 0 0 0 0 0 0 0 0 0 0 0 0 0 0 0 0 0 0 0 0 0 0 0 0 0 ,0,0,0,0,0,0,0
20180102103433,6220056,6222926,6255792,6222926,6253132,0,,11753693000,1081754669400000,0,0,0,0,0,0,0,0,0,0,0,0,0,0,0,0,0 0 0 0 0 0 0 0 0 0 ,0 0 0 0 0 0 0 0 0 0 ,0 0 0 0 0 0 0 0 0 0 ,0 0 0 0 0 0 0 0 0 0 0 0 0 0 0 0 0 0 0 0 0 0 0 0 0 0 0 0 0 0 0 0 0 0 0 0 0 0 0 0 0 0 0 0 0 0 0 0 0 0 ,0 0 0 0 0 0 0 0 0 0 ,0 0 0 0 0 0 0 0 0 0 ,0 0 0 0 0 0 0 0 0 0 ,0 0 0 0 0 0 0 0 0 0 0 0 0 0 0 0 0 0 0 0 0 0 0 0 0 0 0 0 0 0 0 0 0 0 0 0 0 0 0 0 0 0 0 0 0 0 0 0 0 0 ,0,0,0,0,0,0,0
20180102103438,6220056,6222926,6255792,6222926,6253074,0,,11764224000,1082095035700000,0,0,0,0,0,0,0,0,0,0,0,0,0,0,0,0,0 0 0 0 0 0 0 0 0 0 ,0 0 0 0 0 0 0 0 0 0 ,0 0 0 0 0 0 0 0 0 0 ,0 0 0 0 0 0 0 0 0 0 0 0 0 0 0 0 0 0 0 0 0 0 0 0 0 0 0 0 0 0 0 0 0 0 0 0 0 0 0 0 0 0 0 0 0 0 0 0 0 0 ,0 0 0 0 0 0 0 0 0 0 ,0 0 0 0 0 0 0 0 0 0 ,0 0 0 0 0 0 0 0 0 0 ,0 0 0 0 0 0 0 0 0 0 0 0 0 0 0 0 0 0 0 0 0 0 0 0 0 0 0 0 0 0 0 0 0 0 0 0 0 0 0 0 0 0 0 0 0 0 0 0 0 0 ,0,0,0,0,0,0,0
20180102103443,6220056,6222926,6255792,6222926,6253416,0,,11777347000,1082549622200000,0,0,0,0,0,0,0,0,0,0,0,0,0,0,0,0,0 0 0 0 0 0 0 0 0 0 ,0 0 0 0 0 0 0 0 0 0 ,0 0 0 0 0 0 0 0 0 0 ,0 0 0 0 0 0 0 0 0 0 0 0 0 0 0 0 0 0 0 0 0 0 0 0 0 0 0 0 0 0 0 0 0 0 0 0 0 0 0 0 0 0 0 0 0 0 0 0 0 0 ,0 0 0 0 0 0 0 0 0 0 ,0 0 0 0 0 0 0 0 0 0 ,0 0 0 0 0 0 0 0 0 0 ,0 0 0 0 0 0 0 0 0 0 0 0 0 0 0 0 0 0 0 0 0 0 0 0 0 0 0 0 0 0 0 0 0 0 0 0 0 0 0 0 0 0 0 0 0 0 0 0 0 0 ,0,0,0,0,0,0,0
20180102103448,6220056,6222926,6255792,6222926,6253325,0,,11780144000,1083107365600000,0,0,0,0,0,0,0,0,0,0,0,0,0,0,0,0,0 0 0 0 0 0 0 0 0 0 ,0 0 0 0 0 0 0 0 0 0 ,0 0 0 0 0 0 0 0 0 0 ,0 0 0 0 0 0 0 0 0 0 0 0 0 0 0 0 0 0 0 0 0 0 0 0 0 0 0 0 0 0 0 0 0 0 0 0 0 0 0 0 0 0 0 0 0 0 0 0 0 0 ,0 0 0 0 0 0 0 0 0 0 ,0 0 0 0 0 0 0 0 0 0 ,0 0 0 0 0 0 0 0 0 0 ,0 0 0 0 0 0 0 0 0 0 0 0 0 0 0 0 0 0 0 0 0 0 0 0 0 0 0 0 0 0 0 0 0 0 0 0 0 0 0 0 0 0 0 0 0 0 0 0 0 0 ,0,0,0,0,0,0,0
20180102103453,6220056,6222926,6255792,6222926,6253326,0,,11782830000,1083399656100000,0,0,0,0,0,0,0,0,0,0,0,0,0,0,0,0,0 0 0 0 0 0 0 0 0 0 ,0 0 0 0 0 0 0 0 0 0 ,0 0 0 0 0 0 0 0 0 0 ,0 0 0 0 0 0 0 0 0 0 0 0 0 0 0 0 0 0 0 0 0 0 0 0 0 0 0 0 0 0 0 0 0 0 0 0 0 0 0 0 0 0 0 0 0 0 0 0 0 0 ,0 0 0 0 0 0 0 0 0 0 ,0 0 0 0 0 0 0 0 0 0 ,0 0 0 0 0 0 0 0 0 0 ,0 0 0 0 0 0 0 0 0 0 0 0 0 0 0 0 0 0 0 0 0 0 0 0 0 0 0 0 0 0 0 0 0 0 0 0 0 0 0 0 0 0 0 0 0 0 0 0 0 0 ,0,0,0,0,0,0,0
20180102103458,6220056,6222926,6255792,6222926,6253004,0,,11787878000,1083766181500000,0,0,0,0,0,0,0,0,0,0,0,0,0,0,0,0,0 0 0 0 0 0 0 0 0 0 ,0 0 0 0 0 0 0 0 0 0 ,0 0 0 0 0 0 0 0 0 0 ,0 0 0 0 0 0 0 0 0 0 0 0 0 0 0 0 0 0 0 0 0 0 0 0 0 0 0 0 0 0 0 0 0 0 0 0 0 0 0 0 0 0 0 0 0 0 0 0 0 0 ,0 0 0 0 0 0 0 0 0 0 ,0 0 0 0 0 0 0 0 0 0 ,0 0 0 0 0 0 0 0 0 0 ,0 0 0 0 0 0 0 0 0 0 0 0 0 0 0 0 0 0 0 0 0 0 0 0 0 0 0 0 0 0 0 0 0 0 0 0 0 0 0 0 0 0 0 0 0 0 0 0 0 0 ,0,0,0,0,0,0,0
20180102103503,6220056,6222926,6255792,6222926,6253146,0,,11791847000,1084067478400000,0,0,0,0,0,0,0,0,0,0,0,0,0,0,0,0,0 0 0 0 0 0 0 0 0 0 ,0 0 0 0 0 0 0 0 0 0 ,0 0 0 0 0 0 0 0 0 0 ,0 0 0 0 0 0 0 0 0 0 0 0 0 0 0 0 0 0 0 0 0 0 0 0 0 0 0 0 0 0 0 0 0 0 0 0 0 0 0 0 0 0 0 0 0 0 0 0 0 0 ,0 0 0 0 0 0 0 0 0 0 ,0 0 0 0 0 0 0 0 0 0 ,0 0 0 0 0 0 0 0 0 0 ,0 0 0 0 0 0 0 0 0 0 0 0 0 0 0 0 0 0 0 0 0 0 0 0 0 0 0 0 0 0 0 0 0 0 0 0 0 0 0 0 0 0 0 0 0 0 0 0 0 0 ,0,0,0,0,0,0,0
20180102103508,6220056,6222926,6255792,6222926,6252645,0,,11792689000,1084792470800000,0,0,0,0,0,0,0,0,0,0,0,0,0,0,0,0,0 0 0 0 0 0 0 0 0 0 ,0 0 0 0 0 0 0 0 0 0 ,0 0 0 0 0 0 0 0 0 0 ,0 0 0 0 0 0 0 0 0 0 0 0 0 0 0 0 0 0 0 0 0 0 0 0 0 0 0 0 0 0 0 0 0 0 0 0 0 0 0 0 0 0 0 0 0 0 0 0 0 0 ,0 0 0 0 0 0 0 0 0 0 ,0 0 0 0 0 0 0 0 0 0 ,0 0 0 0 0 0 0 0 0 0 ,0 0 0 0 0 0 0 0 0 0 0 0 0 0 0 0 0 0 0 0 0 0 0 0 0 0 0 0 0 0 0 0 0 0 0 0 0 0 0 0 0 0 0 0 0 0 0 0 0 0 ,0,0,0,0,0,0,0
20180102103513,6220056,6222926,6255792,6222926,6252229,0,,11810038000,1085517233000000,0,0,0,0,0,0,0,0,0,0,0,0,0,0,0,0,0 0 0 0 0 0 0 0 0 0 ,0 0 0 0 0 0 0 0 0 0 ,0 0 0 0 0 0 0 0 0 0 ,0 0 0 0 0 0 0 0 0 0 0 0 0 0 0 0 0 0 0 0 0 0 0 0 0 0 0 0 0 0 0 0 0 0 0 0 0 0 0 0 0 0 0 0 0 0 0 0 0 0 ,0 0 0 0 0 0 0 0 0 0 ,0 0 0 0 0 0 0 0 0 0 ,0 0 0 0 0 0 0 0 0 0 ,0 0 0 0 0 0 0 0 0 0 0 0 0 0 0 0 0 0 0 0 0 0 0 0 0 0 0 0 0 0 0 0 0 0 0 0 0 0 0 0 0 0 0 0 0 0 0 0 0 0 ,0,0,0,0,0,0,0
20180102103518,6220056,6222926,6255792,6222926,6252848,0,,11814035000,1085830436400000,0,0,0,0,0,0,0,0,0,0,0,0,0,0,0,0,0 0 0 0 0 0 0 0 0 0 ,0 0 0 0 0 0 0 0 0 0 ,0 0 0 0 0 0 0 0 0 0 ,0 0 0 0 0 0 0 0 0 0 0 0 0 0 0 0 0 0 0 0 0 0 0 0 0 0 0 0 0 0 0 0 0 0 0 0 0 0 0 0 0 0 0 0 0 0 0 0 0 0 ,0 0 0 0 0 0 0 0 0 0 ,0 0 0 0 0 0 0 0 0 0 ,0 0 0 0 0 0 0 0 0 0 ,0 0 0 0 0 0 0 0 0 0 0 0 0 0 0 0 0 0 0 0 0 0 0 0 0 0 0 0 0 0 0 0 0 0 0 0 0 0 0 0 0 0 0 0 0 0 0 0 0 0 ,0,0,0,0,0,0,0
20180102103523,6220056,6222926,6255792,6222926,6253047,0,,11825531000,1086378153900000,0,0,0,0,0,0,0,0,0,0,0,0,0,0,0,0,0 0 0 0 0 0 0 0 0 0 ,0 0 0 0 0 0 0 0 0 0 ,0 0 0 0 0 0 0 0 0 0 ,0 0 0 0 0 0 0 0 0 0 0 0 0 0 0 0 0 0 0 0 0 0 0 0 0 0 0 0 0 0 0 0 0 0 0 0 0 0 0 0 0 0 0 0 0 0 0 0 0 0 ,0 0 0 0 0 0 0 0 0 0 ,0 0 0 0 0 0 0 0 0 0 ,0 0 0 0 0 0 0 0 0 0 ,0 0 0 0 0 0 0 0 0 0 0 0 0 0 0 0 0 0 0 0 0 0 0 0 0 0 0 0 0 0 0 0 0 0 0 0 0 0 0 0 0 0 0 0 0 0 0 0 0 0 ,0,0,0,0,0,0,0
20180102103528,6220056,6222926,6255792,6222926,6253143,0,,11833009000,1086941122000000,0,0,0,0,0,0,0,0,0,0,0,0,0,0,0,0,0 0 0 0 0 0 0 0 0 0 ,0 0 0 0 0 0 0 0 0 0 ,0 0 0 0 0 0 0 0 0 0 ,0 0 0 0 0 0 0 0 0 0 0 0 0 0 0 0 0 0 0 0 0 0 0 0 0 0 0 0 0 0 0 0 0 0 0 0 0 0 0 0 0 0 0 0 0 0 0 0 0 0 ,0 0 0 0 0 0 0 0 0 0 ,0 0 0 0 0 0 0 0 0 0 ,0 0 0 0 0 0 0 0 0 0 ,0 0 0 0 0 0 0 0 0 0 0 0 0 0 0 0 0 0 0 0 0 0 0 0 0 0 0 0 0 0 0 0 0 0 0 0 0 0 0 0 0 0 0 0 0 0 0 0 0 0 ,0,0,0,0,0,0,0
20180102103533,6220056,6222926,6255792,6222926,6253201,0,,11854546000,1087549282300000,0,0,0,0,0,0,0,0,0,0,0,0,0,0,0,0,0 0 0 0 0 0 0 0 0 0 ,0 0 0 0 0 0 0 0 0 0 ,0 0 0 0 0 0 0 0 0 0 ,0 0 0 0 0 0 0 0 0 0 0 0 0 0 0 0 0 0 0 0 0 0 0 0 0 0 0 0 0 0 0 0 0 0 0 0 0 0 0 0 0 0 0 0 0 0 0 0 0 0 ,0 0 0 0 0 0 0 0 0 0 ,0 0 0 0 0 0 0 0 0 0 ,0 0 0 0 0 0 0 0 0 0 ,0 0 0 0 0 0 0 0 0 0 0 0 0 0 0 0 0 0 0 0 0 0 0 0 0 0 0 0 0 0 0 0 0 0 0 0 0 0 0 0 0 0 0 0 0 0 0 0 0 0 ,0,0,0,0,0,0,0
20180102103538,6220056,6222926,6255792,6222926,6253195,0,,11854802000,1087588614900000,0,0,0,0,0,0,0,0,0,0,0,0,0,0,0,0,0 0 0 0 0 0 0 0 0 0 ,0 0 0 0 0 0 0 0 0 0 ,0 0 0 0 0 0 0 0 0 0 ,0 0 0 0 0 0 0 0 0 0 0 0 0 0 0 0 0 0 0 0 0 0 0 0 0 0 0 0 0 0 0 0 0 0 0 0 0 0 0 0 0 0 0 0 0 0 0 0 0 0 ,0 0 0 0 0 0 0 0 0 0 ,0 0 0 0 0 0 0 0 0 0 ,0 0 0 0 0 0 0 0 0 0 ,0 0 0 0 0 0 0 0 0 0 0 0 0 0 0 0 0 0 0 0 0 0 0 0 0 0 0 0 0 0 0 0 0 0 0 0 0 0 0 0 0 0 0 0 0 0 0 0 0 0 ,0,0,0,0,0,0,0
20180102103543,6220056,6222926,6255792,6222926,6253452,0,,11862928000,1088038394800000,0,0,0,0,0,0,0,0,0,0,0,0,0,0,0,0,0 0 0 0 0 0 0 0 0 0 ,0 0 0 0 0 0 0 0 0 0 ,0 0 0 0 0 0 0 0 0 0 ,0 0 0 0 0 0 0 0 0 0 0 0 0 0 0 0 0 0 0 0 0 0 0 0 0 0 0 0 0 0 0 0 0 0 0 0 0 0 0 0 0 0 0 0 0 0 0 0 0 0 ,0 0 0 0 0 0 0 0 0 0 ,0 0 0 0 0 0 0 0 0 0 ,0 0 0 0 0 0 0 0 0 0 ,0 0 0 0 0 0 0 0 0 0 0 0 0 0 0 0 0 0 0 0 0 0 0 0 0 0 0 0 0 0 0 0 0 0 0 0 0 0 0 0 0 0 0 0 0 0 0 0 0 0 ,0,0,0,0,0,0,0
20180102103548,6220056,6222926,6255792,6222926,6253689,0,,11866646000,1088248047100000,0,0,0,0,0,0,0,0,0,0,0,0,0,0,0,0,0 0 0 0 0 0 0 0 0 0 ,0 0 0 0 0 0 0 0 0 0 ,0 0 0 0 0 0 0 0 0 0 ,0 0 0 0 0 0 0 0 0 0 0 0 0 0 0 0 0 0 0 0 0 0 0 0 0 0 0 0 0 0 0 0 0 0 0 0 0 0 0 0 0 0 0 0 0 0 0 0 0 0 ,0 0 0 0 0 0 0 0 0 0 ,0 0 0 0 0 0 0 0 0 0 ,0 0 0 0 0 0 0 0 0 0 ,0 0 0 0 0 0 0 0 0 0 0 0 0 0 0 0 0 0 0 0 0 0 0 0 0 0 0 0 0 0 0 0 0 0 0 0 0 0 0 0 0 0 0 0 0 0 0 0 0 0 ,0,0,0,0,0,0,0
20180102103553,6220056,6222926,6255792,6222926,6253577,0,,11872897000,1088478855100000,0,0,0,0,0,0,0,0,0,0,0,0,0,0,0,0,0 0 0 0 0 0 0 0 0 0 ,0 0 0 0 0 0 0 0 0 0 ,0 0 0 0 0 0 0 0 0 0 ,0 0 0 0 0 0 0 0 0 0 0 0 0 0 0 0 0 0 0 0 0 0 0 0 0 0 0 0 0 0 0 0 0 0 0 0 0 0 0 0 0 0 0 0 0 0 0 0 0 0 ,0 0 0 0 0 0 0 0 0 0 ,0 0 0 0 0 0 0 0 0 0 ,0 0 0 0 0 0 0 0 0 0 ,0 0 0 0 0 0 0 0 0 0 0 0 0 0 0 0 0 0 0 0 0 0 0 0 0 0 0 0 0 0 0 0 0 0 0 0 0 0 0 0 0 0 0 0 0 0 0 0 0 0 ,0,0,0,0,0,0,0
20180102103558,6220056,6222926,6255792,6222926,6253904,0,,11888869000,1089088174800000,0,0,0,0,0,0,0,0,0,0,0,0,0,0,0,0,0 0 0 0 0 0 0 0 0 0 ,0 0 0 0 0 0 0 0 0 0 ,0 0 0 0 0 0 0 0 0 0 ,0 0 0 0 0 0 0 0 0 0 0 0 0 0 0 0 0 0 0 0 0 0 0 0 0 0 0 0 0 0 0 0 0 0 0 0 0 0 0 0 0 0 0 0 0 0 0 0 0 0 ,0 0 0 0 0 0 0 0 0 0 ,0 0 0 0 0 0 0 0 0 0 ,0 0 0 0 0 0 0 0 0 0 ,0 0 0 0 0 0 0 0 0 0 0 0 0 0 0 0 0 0 0 0 0 0 0 0 0 0 0 0 0 0 0 0 0 0 0 0 0 0 0 0 0 0 0 0 0 0 0 0 0 0 ,0,0,0,0,0,0,0
20180102103603,6220056,6222926,6255792,6222926,6253635,0,,11895472000,1089364507100000,0,0,0,0,0,0,0,0,0,0,0,0,0,0,0,0,0 0 0 0 0 0 0 0 0 0 ,0 0 0 0 0 0 0 0 0 0 ,0 0 0 0 0 0 0 0 0 0 ,0 0 0 0 0 0 0 0 0 0 0 0 0 0 0 0 0 0 0 0 0 0 0 0 0 0 0 0 0 0 0 0 0 0 0 0 0 0 0 0 0 0 0 0 0 0 0 0 0 0 ,0 0 0 0 0 0 0 0 0 0 ,0 0 0 0 0 0 0 0 0 0 ,0 0 0 0 0 0 0 0 0 0 ,0 0 0 0 0 0 0 0 0 0 0 0 0 0 0 0 0 0 0 0 0 0 0 0 0 0 0 0 0 0 0 0 0 0 0 0 0 0 0 0 0 0 0 0 0 0 0 0 0 0 ,0,0,0,0,0,0,0
20180102103608,6220056,6222926,6255792,6222926,6253622,0,,11917916000,1090635083200000,0,0,0,0,0,0,0,0,0,0,0,0,0,0,0,0,0 0 0 0 0 0 0 0 0 0 ,0 0 0 0 0 0 0 0 0 0 ,0 0 0 0 0 0 0 0 0 0 ,0 0 0 0 0 0 0 0 0 0 0 0 0 0 0 0 0 0 0 0 0 0 0 0 0 0 0 0 0 0 0 0 0 0 0 0 0 0 0 0 0 0 0 0 0 0 0 0 0 0 ,0 0 0 0 0 0 0 0 0 0 ,0 0 0 0 0 0 0 0 0 0 ,0 0 0 0 0 0 0 0 0 0 ,0 0 0 0 0 0 0 0 0 0 0 0 0 0 0 0 0 0 0 0 0 0 0 0 0 0 0 0 0 0 0 0 0 0 0 0 0 0 0 0 0 0 0 0 0 0 0 0 0 0 ,0,0,0,0,0,0,0
20180102103613,6220056,6222926,6255792,6222926,6253670,0,,11924182000,1091382691000000,0,0,0,0,0,0,0,0,0,0,0,0,0,0,0,0,0 0 0 0 0 0 0 0 0 0 ,0 0 0 0 0 0 0 0 0 0 ,0 0 0 0 0 0 0 0 0 0 ,0 0 0 0 0 0 0 0 0 0 0 0 0 0 0 0 0 0 0 0 0 0 0 0 0 0 0 0 0 0 0 0 0 0 0 0 0 0 0 0 0 0 0 0 0 0 0 0 0 0 ,0 0 0 0 0 0 0 0 0 0 ,0 0 0 0 0 0 0 0 0 0 ,0 0 0 0 0 0 0 0 0 0 ,0 0 0 0 0 0 0 0 0 0 0 0 0 0 0 0 0 0 0 0 0 0 0 0 0 0 0 0 0 0 0 0 0 0 0 0 0 0 0 0 0 0 0 0 0 0 0 0 0 0 ,0,0,0,0,0,0,0
20180102103618,6220056,6222926,6255792,6222926,6253437,0,,11928313000,1092690027200000,0,0,0,0,0,0,0,0,0,0,0,0,0,0,0,0,0 0 0 0 0 0 0 0 0 0 ,0 0 0 0 0 0 0 0 0 0 ,0 0 0 0 0 0 0 0 0 0 ,0 0 0 0 0 0 0 0 0 0 0 0 0 0 0 0 0 0 0 0 0 0 0 0 0 0 0 0 0 0 0 0 0 0 0 0 0 0 0 0 0 0 0 0 0 0 0 0 0 0 ,0 0 0 0 0 0 0 0 0 0 ,0 0 0 0 0 0 0 0 0 0 ,0 0 0 0 0 0 0 0 0 0 ,0 0 0 0 0 0 0 0 0 0 0 0 0 0 0 0 0 0 0 0 0 0 0 0 0 0 0 0 0 0 0 0 0 0 0 0 0 0 0 0 0 0 0 0 0 0 0 0 0 0 ,0,0,0,0,0,0,0
20180102103623,6220056,6222926,6255792,6222926,6253688,0,,11935901000,1092983375900000,0,0,0,0,0,0,0,0,0,0,0,0,0,0,0,0,0 0 0 0 0 0 0 0 0 0 ,0 0 0 0 0 0 0 0 0 0 ,0 0 0 0 0 0 0 0 0 0 ,0 0 0 0 0 0 0 0 0 0 0 0 0 0 0 0 0 0 0 0 0 0 0 0 0 0 0 0 0 0 0 0 0 0 0 0 0 0 0 0 0 0 0 0 0 0 0 0 0 0 ,0 0 0 0 0 0 0 0 0 0 ,0 0 0 0 0 0 0 0 0 0 ,0 0 0 0 0 0 0 0 0 0 ,0 0 0 0 0 0 0 0 0 0 0 0 0 0 0 0 0 0 0 0 0 0 0 0 0 0 0 0 0 0 0 0 0 0 0 0 0 0 0 0 0 0 0 0 0 0 0 0 0 0 ,0,0,0,0,0,0,0
20180102103628,6220056,6222926,6255792,6222926,6253868,0,,11947072000,1093516405200000,0,0,0,0,0,0,0,0,0,0,0,0,0,0,0,0,0 0 0 0 0 0 0 0 0 0 ,0 0 0 0 0 0 0 0 0 0 ,0 0 0 0 0 0 0 0 0 0 ,0 0 0 0 0 0 0 0 0 0 0 0 0 0 0 0 0 0 0 0 0 0 0 0 0 0 0 0 0 0 0 0 0 0 0 0 0 0 0 0 0 0 0 0 0 0 0 0 0 0 ,0 0 0 0 0 0 0 0 0 0 ,0 0 0 0 0 0 0 0 0 0 ,0 0 0 0 0 0 0 0 0 0 ,0 0 0 0 0 0 0 0 0 0 0 0 0 0 0 0 0 0 0 0 0 0 0 0 0 0 0 0 0 0 0 0 0 0 0 0 0 0 0 0 0 0 0 0 0 0 0 0 0 0 ,0,0,0,0,0,0,0
20180102103633,6220056,6222926,6255792,6222926,6253303,0,,11947399000,1093694916600000,0,0,0,0,0,0,0,0,0,0,0,0,0,0,0,0,0 0 0 0 0 0 0 0 0 0 ,0 0 0 0 0 0 0 0 0 0 ,0 0 0 0 0 0 0 0 0 0 ,0 0 0 0 0 0 0 0 0 0 0 0 0 0 0 0 0 0 0 0 0 0 0 0 0 0 0 0 0 0 0 0 0 0 0 0 0 0 0 0 0 0 0 0 0 0 0 0 0 0 ,0 0 0 0 0 0 0 0 0 0 ,0 0 0 0 0 0 0 0 0 0 ,0 0 0 0 0 0 0 0 0 0 ,0 0 0 0 0 0 0 0 0 0 0 0 0 0 0 0 0 0 0 0 0 0 0 0 0 0 0 0 0 0 0 0 0 0 0 0 0 0 0 0 0 0 0 0 0 0 0 0 0 0 ,0,0,0,0,0,0,0
20180102103638,6220056,6222926,6255792,6222926,6253312,0,,11949373000,1093858675700000,0,0,0,0,0,0,0,0,0,0,0,0,0,0,0,0,0 0 0 0 0 0 0 0 0 0 ,0 0 0 0 0 0 0 0 0 0 ,0 0 0 0 0 0 0 0 0 0 ,0 0 0 0 0 0 0 0 0 0 0 0 0 0 0 0 0 0 0 0 0 0 0 0 0 0 0 0 0 0 0 0 0 0 0 0 0 0 0 0 0 0 0 0 0 0 0 0 0 0 ,0 0 0 0 0 0 0 0 0 0 ,0 0 0 0 0 0 0 0 0 0 ,0 0 0 0 0 0 0 0 0 0 ,0 0 0 0 0 0 0 0 0 0 0 0 0 0 0 0 0 0 0 0 0 0 0 0 0 0 0 0 0 0 0 0 0 0 0 0 0 0 0 0 0 0 0 0 0 0 0 0 0 0 ,0,0,0,0,0,0,0
